x,y,duration,min_diam,max_diam,mean_diam,std_diam,cluster,x_centroid,y_centroid
0.4266556506399571,0.6574492602365869,770,48.88699403052941,49.959386930257054,49.416107424284945,0.4028838271668166,1,0.42770126790031987,0.6760470267312094
0.37655153926617085,0.6037118027530345,847,47.9449135497741,48.71594185961423,48.34932268371139,0.2537892559643534,0,0.3788664556371362,0.5867917923579031
0.4358981962582946,0.6589718328704905,3157,47.719603987332775,49.129462599466734,48.561816734594444,0.3096211923199216,1,0.42770126790031987,0.6760470267312094
0.3811813720081016,0.5698717819627717,616,45.33765545684225,46.266805680790974,45.89009110541001,0.3280582316623198,0,0.3788664556371362,0.5867917923579031
0.4431249401339813,0.714273748258633,616,45.40111849095193,46.17780110391824,45.78526153429692,0.2553197786010403,1,0.42770126790031987,0.6760470267312094
0.4181086863037427,0.6256775170597213,693,45.53798220157386,46.31229994287393,45.9846496842414,0.2852248341632297,1,0.42770126790031987,0.6760470267312094
0.42117173235274297,0.6952578794638103,1078,45.27409542579272,46.17157288637834,45.76863760712562,0.20525354054709377,1,0.42770126790031987,0.6760470267312094
0.4200659182472626,0.700641364096934,693,44.9165675436703,45.92648210366427,45.409251405324625,0.31853353041173793,1,0.42770126790031987,0.6760470267312094
0.4288837513662579,0.6800575851322896,770,46.60171937611557,47.31292846706759,46.956908509101666,0.22783921544495028,1,0.42770126790031987,0.6760470267312094
