x,y,duration,min_diam,max_diam,mean_diam,std_diam,cluster,x_centroid,y_centroid
0.3216783603912989,0.6791870651275431,616,41.387724914818,42.39654279121375,41.76174235857928,0.31888760547018274,1,0.3029115246758548,0.6497722662816028
0.4685736717154945,0.6763181957582816,847,44.40686182178168,45.8354806823917,45.278787611879004,0.41267809094047697,0,0.4429976234260238,0.6726293626722535
0.42148528334319957,0.6810757080726061,1155,44.69895913727032,46.43097792121955,45.62484022015233,0.6638678646540465,0,0.4429976234260238,0.6726293626722535
0.43893391521937725,0.6604941841858729,693,42.99029637074251,44.10616372077172,43.345627565177864,0.42110374727289884,0,0.4429976234260238,0.6726293626722535
0.2841446889604107,0.6203574674356623,693,38.18615843102136,38.94350112456138,38.55826440230968,0.2248350040278447,1,0.3029115246758548,0.6497722662816028
