x,y,duration,min_diam,max_diam,mean_diam,std_diam,cluster,x_centroid,y_centroid
0.2896429834137895,0.39001155628490364,693,58.73042803886447,60.0119545161917,59.23924198169735,0.424438491892027,1,0.35240000810069416,0.33878586272922884
0.5807085148887166,0.027869885279515734,693,43.42619316703932,45.32567204627114,44.57442654093491,0.5835321453507482,0,0.5747525709799173,0.025138640049997635
0.568796627071118,0.022407394820479563,1232,43.65231795266072,46.811597499869386,44.94674543250987,0.982188610683598,0,0.5747525709799173,0.025138640049997635
0.4151570327875988,0.287560169173554,616,41.77378778889172,42.63167924324365,42.2166374677758,0.33080229385720705,1,0.35240000810069416,0.33878586272922884
