x,y,duration,min_diam,max_diam,mean_diam,std_diam,cluster,x_centroid,y_centroid
0.4456389769089445,0.3666066272784483,693,60.3294250601348,63.00687664371104,61.59743049238596,0.989823639398419,1,0.4771089849828535,0.4293213305727579
0.5148608992441764,0.5654366388610599,1078,51.19520364204953,52.840027354502304,52.07602112337234,0.51864120617047,0,0.5037017627960543,0.6223469993152759
0.5160504580581623,0.5616955273261158,770,51.38399482930867,52.32165883869244,51.81012654905536,0.271983045585833,0,0.5037017627960543,0.6223469993152759
0.3787487861537979,0.48059878912445786,1155,50.38213159779696,51.797215456962775,51.08358192570367,0.4274182587120177,1,0.4771089849828535,0.4293213305727579
0.5350000409001703,0.41376169551396547,1001,51.063363354899934,59.649649702623385,52.47920754148726,2.1743973181683076,1,0.4771089849828535,0.4293213305727579
0.5490481359685011,0.45631821037416,847,49.45187246673223,51.43339842716926,50.374184281224025,0.7359021943884126,1,0.4771089849828535,0.4293213305727579
0.492522802472162,0.6735882029661208,1078,48.56609946357659,52.07484830531445,50.55410140369214,0.8971777006866669,0,0.5037017627960543,0.6223469993152759
0.49137289140971613,0.6886676281078071,924,50.93995439536393,52.39234942496375,51.5803603295759,0.41157629666454376,0,0.5037017627960543,0.6223469993152759
