x,y,duration,min_diam,max_diam,mean_diam,std_diam,cluster,x_centroid,y_centroid
0.4234551548811316,0.553027255440201,10703,49.98694143229381,61.730076770569376,57.469624849344065,2.4632053417972806,1,0.43552373481088547,0.6150112344961541
0.5496313240666721,0.4738192270830805,3465,55.70830620285144,60.21887650162768,58.39771493437351,0.9112835061368616,0,0.4471498961413289,0.43974884168552536
0.37306697983097076,0.41834126137453487,3080,48.29924095228275,63.87923442258301,60.04505914558926,2.6989644766407865,0,0.4471498961413289,0.43974884168552536
0.5369702709108854,0.42017400180566944,5852,55.82700573026148,64.97719412414446,60.531370756340685,1.5083574045567265,0,0.4471498961413289,0.43974884168552536
0.3666037589825597,0.5150889025078106,16555,43.65087944131349,63.97865934518799,58.366650839444354,3.551672101613088,0,0.4471498961413289,0.43974884168552536
0.40713026360320353,0.6135673882940104,2310,52.52028184341456,56.657559796565856,54.631424169696906,1.038344005206807,1,0.43552373481088547,0.6150112344961541
0.40947714691555626,0.37132081565653136,11473,48.20033110163387,62.60450665448991,58.22232709241817,2.0812791864718254,0,0.4471498961413289,0.43974884168552536
0.4759857859483212,0.6784390597542511,2926,48.06132003328742,58.52462836763885,53.21878557675457,2.825122587716992,1,0.43552373481088547,0.6150112344961541
