x,y,duration,min_diam,max_diam,mean_diam,std_diam,cluster,x_centroid,y_centroid
0.4987381602088011,0.5091478244538375,924,65.19180643556976,66.06538283740313,65.6243034745701,0.30428162231397016,0,0.512651654543597,0.558100232566381
0.5163105339362681,0.5112809855592921,770,66.06457128613262,67.00203415459254,66.5713160488527,0.37495182481089256,0,0.512651654543597,0.558100232566381
0.5289898870435583,0.5662557437261305,924,66.10665752617223,68.50594247438882,67.61940161086952,0.7136950140744049,0,0.512651654543597,0.558100232566381
0.5181955063916938,0.5561672690377056,1848,63.63102182285124,67.13517589840602,65.6126399109739,0.9910806820985845,0,0.512651654543597,0.558100232566381
0.4562075553572959,0.4281397800721551,1155,64.5499749971313,66.16796795834026,65.25927644591407,0.442999282670698,1,0.4562075553572959,0.4281397800721551
0.5351834900670256,0.5771480550740498,693,64.92380836263405,67.56243703365455,66.42528177914659,0.8750173877590243,0,0.512651654543597,0.558100232566381
0.4784923496142349,0.6286015175472702,847,62.99242305534612,66.30925525001271,64.83642069332585,1.13467499608003,0,0.512651654543597,0.558100232566381
