x,y,duration,min_diam,max_diam,mean_diam,std_diam,cluster,x_centroid,y_centroid
0.40998614487974144,0.3967235678502144,1694,28.90079689025879,31.549928665161133,29.864336533979937,0.7946226974423498,1,0.37553107196172725,0.39371787386684043
0.35501038430818554,0.3870658148030915,616,32.36104965209961,33.3665771484375,32.85482740402222,0.3956738547954034,1,0.37553107196172725,0.39371787386684043
0.3824207408586937,0.4070815652436631,616,32.64017105102539,33.49895095825195,33.2563099861145,0.2722829755421738,1,0.37553107196172725,0.39371787386684043
0.46573414805621627,0.4637716685024141,693,30.674415588378903,32.718536376953125,31.816818449232315,0.822206414629698,0,0.45550955296807355,0.46559169691703145
0.44039111820196464,0.4921840833894142,616,30.6883602142334,32.65696716308594,31.959622621536255,0.6931432466122729,0,0.45550955296807355,0.46559169691703145
0.4393882151784433,0.4735771329739513,616,30.24466896057129,32.76861572265625,32.04337286949158,0.8730408892597242,0,0.45550955296807355,0.46559169691703145
0.3547070178002883,0.3840005475703926,616,33.16840744018555,34.203590393066406,33.68769454956055,0.303867248158023,1,0.37553107196172725,0.39371787386684043
0.4407604827257647,0.42028204445443673,693,34.76149368286133,35.809513092041016,35.40317959255643,0.32586572707461126,0,0.45550955296807355,0.46559169691703145
0.491273800677979,0.4781435552649408,770,31.70537757873535,33.06153869628906,32.4751522064209,0.4484828050119465,0,0.45550955296807355,0.46559169691703145
