x,y,duration,min_diam,max_diam,mean_diam,std_diam,cluster,x_centroid,y_centroid
0.31310739198173554,0.397477404546138,693,30.54814910888672,32.97947311401367,31.76114230685764,0.9995199094363196,0,0.3249525578412157,0.396972270460714
0.3367977237006958,0.39646713637528996,770,29.43739891052246,30.25123405456543,29.838556671142577,0.26494775589770575,0,0.3249525578412157,0.396972270460714
0.4307848139176816,0.4052550565438217,847,30.96832275390625,32.304935455322266,31.517831802368164,0.37788199778637943,1,0.4152047515190457,0.41887775908743935
0.3860018713667709,0.4172894958200067,1078,29.161901473999023,31.686182022094727,30.32107925415039,0.9361980834825305,1,0.4152047515190457,0.41887775908743935
0.4288275692726846,0.43408872489848965,616,29.724681854248047,30.88499641418457,30.29880952835083,0.40340331812486474,1,0.4152047515190457,0.41887775908743935
