x,y,duration,min_diam,max_diam,mean_diam,std_diam,cluster,x_centroid,y_centroid
0.5021572266414278,0.6152152435038486,1232,37.231895446777344,39.50666427612305,38.57157802581787,0.7697985593894288,2,0.5418716514901617,0.6077365600663529
0.4482667004537738,0.5402660153573771,15939,37.08897399902344,41.06320571899414,39.6527104769352,0.8797137611313978,1,0.45426589705589115,0.5364845179371573
0.573812779806564,0.617517358101514,1848,37.63680267333984,40.25370788574219,39.09835990269979,0.6263376289839235,2,0.5418716514901617,0.6077365600663529
0.43795361971060165,0.7203570461714799,5621,30.60722923278809,38.35300827026367,34.044779268029615,2.145891538462327,0,0.5087488040525247,0.684733612448765
0.49902627026035357,0.6938883673899793,7700,34.93598556518555,39.236358642578125,37.36900623321533,1.073448203141905,0,0.5087488040525247,0.684733612448765
0.5027439915073079,0.6694259248034125,4158,37.925594329833984,40.3593635559082,38.89638745343244,0.5784052465367504,0,0.5087488040525247,0.684733612448765
0.516755169655544,0.6755389102118492,15708,34.63605117797852,39.9847412109375,37.83027295505299,1.2659196845613387,0,0.5087488040525247,0.684733612448765
0.5188879830183744,0.6688992304418057,5313,36.41838836669922,39.14846420288086,37.85540533756864,0.5198569182326264,0,0.5087488040525247,0.684733612448765
0.5428499052792995,0.6608405224343288,10164,37.1264533996582,39.76676559448242,38.450997930584535,0.564016714617207,0,0.5087488040525247,0.684733612448765
0.5181436299059927,0.7010328931312271,3234,34.085304260253906,38.94855117797852,37.48850804283505,1.0196256684543796,0,0.5087488040525247,0.684733612448765
0.5336298630827239,0.6878860050060376,5467,33.246150970458984,39.4664192199707,37.64503747644559,1.0828625460929875,0,0.5087488040525247,0.684733612448765
0.5452782330055854,0.6257016781742755,9779,31.43937492370605,38.91412353515625,37.94956346947377,0.8019576745948562,2,0.5418716514901617,0.6077365600663529
0.5462383665070697,0.5725119604857737,2695,36.52470779418945,38.6063346862793,37.57288415091379,0.5468284194963298,2,0.5418716514901617,0.6077365600663529
0.46026509365800855,0.5327030205169377,5390,34.438751220703125,39.87934875488281,38.49072494506836,0.9683643126120403,1,0.45426589705589115,0.5364845179371573
