x,y,duration,min_diam,max_diam,mean_diam,std_diam,cluster,x_centroid,y_centroid
0.4274579107629293,0.3350033567284504,1232,41.55650329589844,43.7659912109375,42.97625207901001,0.5064777570040854,0,0.45902894541897554,0.3255454621053145
0.4128496530952537,0.34069623961388606,1232,42.01477813720703,43.55064010620117,42.75005316734314,0.48009133665223586,0,0.45902894541897554,0.3255454621053145
0.43574130184926496,0.35157155219081665,616,42.90819549560547,44.22824096679688,43.6172890663147,0.4959798620102483,0,0.45902894541897554,0.3255454621053145
0.22841945234564448,0.39104920624447004,2387,41.18244934082031,43.57365417480469,42.564031785534276,0.7542940739812657,1,0.2987901943584448,0.5200439589865337
0.4048109671288486,0.6702983114805003,924,44.71841812133789,48.17079925537109,45.387435595194496,0.9038628711267984,1,0.2987901943584448,0.5200439589865337
0.26314016360084125,0.4987843592346305,616,41.21508407592773,43.08169555664063,42.139020919799805,0.6526077004955252,1,0.2987901943584448,0.5200439589865337
0.5600669159684543,0.2749106998881048,693,43.74210357666016,44.754173278808594,44.09235127766927,0.3569249560273781,0,0.45902894541897554,0.3255454621053145
