x,y,duration,min_diam,max_diam,mean_diam,std_diam,cluster,x_centroid,y_centroid
0.614587743749117,0.5600902665593133,770,48.37886047363281,48.901634216308594,48.667334365844724,0.19093177235008038,1,0.6080117989832288,0.5145900465525334
0.6014358542173405,0.46908982654575343,616,44.93766784667969,47.16455841064453,46.134788036346436,0.794058859087712,1,0.6080117989832288,0.5145900465525334
0.49240777893895626,0.653281923308066,616,40.59000015258789,41.81544494628906,41.20836305618286,0.39276919083980316,0,0.5120172866239279,0.6720863899654819
0.48766470843843507,0.658653137313784,693,40.60567474365234,41.0916862487793,40.786451975504555,0.1487420377998432,0,0.5120172866239279,0.6720863899654819
0.4791533817408623,0.6771610356277917,693,38.52206802368164,39.38385009765625,38.896168602837456,0.3176071466753179,0,0.5120172866239279,0.6720863899654819
0.5162074586044855,0.6486853584650315,693,42.25334930419922,44.695560455322266,43.14430236816406,0.8992397851971979,0,0.5120172866239279,0.6720863899654819
0.5452600412085667,0.7054487306982156,616,39.35874176025391,40.39373397827149,39.943950176239014,0.37174681841226404,0,0.5120172866239279,0.6720863899654819
0.5514103508122614,0.6892881543800022,616,40.4296875,42.44625854492188,41.30793905258179,0.6164378463312105,0,0.5120172866239279,0.6720863899654819
