x,y,duration,min_diam,max_diam,mean_diam,std_diam,cluster,x_centroid,y_centroid
0.43996413153799097,0.6118158858772014,616,35.8201789855957,37.914642333984375,37.114962577819824,0.7576056958371733,0,0.41648322188140363,0.6004549971355359
0.4541595184137617,0.3044110977823231,693,37.7425651550293,38.65559005737305,38.18383534749349,0.3336655091072942,1,0.4541595184137617,0.3044110977823231
0.44497238048939297,0.6084737208742678,770,35.3400993347168,37.56633377075195,36.68358535766602,0.7629297107578897,0,0.41648322188140363,0.6004549971355359
0.41768451200734347,0.5917865709358074,616,34.56175994873047,35.893550872802734,35.04322099685669,0.4820605914715039,0,0.41648322188140363,0.6004549971355359
0.40021783075960177,0.6007422121032392,693,33.2909049987793,35.520355224609375,34.23705927530924,0.7176002663082244,0,0.41648322188140363,0.6004549971355359
0.3982563110808952,0.6018302893085163,616,31.35502052307129,35.87519836425781,34.120328187942505,1.5128997198154013,0,0.41648322188140363,0.6004549971355359
0.4065058081204071,0.5861500398306855,1078,33.38362121582031,36.428558349609375,35.369392667497905,0.8165352895762089,0,0.41648322188140363,0.6004549971355359
0.407781579174194,0.6023862610190333,770,28.655288696289062,35.08350372314453,33.801421356201175,1.8704589499206477,0,0.41648322188140363,0.6004549971355359
