x,y,duration,min_diam,max_diam,mean_diam,std_diam,cluster,x_centroid,y_centroid
0.5137895084190596,0.619742849784082,847,38.51239776611328,39.439788818359375,39.00398913296786,0.2703487589996149,0,0.482092415933312,0.6283686809725649
0.4409375188892014,0.5984360160989326,616,34.13590621948242,35.06229019165039,34.61230754852295,0.3115637829060713,0,0.482092415933312,0.6283686809725649
0.5626896761690918,0.22077913058367463,693,37.93165969848633,39.07751083374024,38.60847388373481,0.46337710945059574,1,0.47757454875661776,0.31179435598434774
0.4623809547792156,0.6079267659183893,770,36.15504837036133,37.84410095214844,37.08536491394043,0.49172970558543344,0,0.482092415933312,0.6283686809725649
0.47503218179534445,0.6245003796227506,693,35.7685661315918,39.49892044067383,37.329431745741104,1.0140598737126276,0,0.482092415933312,0.6283686809725649
0.542795565524347,0.7069552368546198,770,36.93000411987305,38.61745071411133,37.62225570678711,0.5920885629945892,0,0.482092415933312,0.6283686809725649
0.46781354035148015,0.629814810335764,1540,33.870731353759766,35.590484619140625,34.79653415679932,0.46720963693076734,0,0.482092415933312,0.6283686809725649
0.47189764177453564,0.611204708193416,770,35.20976638793945,36.12799453735352,35.726159286499026,0.24469775161317925,0,0.482092415933312,0.6283686809725649
0.39245942134414363,0.4028095813850209,1463,35.19780349731445,36.44502258300781,35.84511706703588,0.33888555165105755,1,0.47757454875661776,0.31179435598434774
