x,y,duration,min_diam,max_diam,mean_diam,std_diam,cluster,x_centroid,y_centroid
0.4775916091207201,0.6989649514506204,616,45.29035568237305,46.96881103515625,45.892279624938965,0.5862563971400334,0,0.42740833788307336,0.7735668976641336
0.4431850556299632,0.6652856304477963,2387,42.964725494384766,46.37020492553711,44.23722297914566,0.8335836056547131,0,0.42740833788307336,0.7735668976641336
0.47094571879432046,0.6957154174359936,1463,43.60145568847656,48.27162170410156,45.53432886224044,0.9865502633178688,0,0.42740833788307336,0.7735668976641336
0.4942558142511619,0.7696683770339204,693,44.87630844116211,48.715816497802734,47.525511847602,1.0967711404937828,0,0.42740833788307336,0.7735668976641336
0.3584069109917889,1.0918890500875946,616,43.60514831542969,46.26545333862305,45.2674298286438,0.8206689554819752,0,0.42740833788307336,0.7735668976641336
0.32006491851048563,0.7198779595288758,616,43.80968475341797,46.52513122558594,44.59453344345093,0.9442984640826981,0,0.42740833788307336,0.7735668976641336
0.5453781751108723,0.4722943442085284,1386,45.38603591918945,49.33924102783203,47.37958865695529,1.087749746075664,1,0.5453781751108723,0.4722943442085284
