x,y,duration,min_diam,max_diam,mean_diam,std_diam,cluster,x_centroid,y_centroid
0.6338462504358402,0.5212994395611682,770,37.47329330444336,39.91024398803711,38.92685508728027,0.7379892626940543,2,0.6338462504358402,0.5212994395611682
0.36016128633356004,0.4539687373695584,847,36.07279968261719,36.855072021484375,36.4670261036266,0.2951326292909233,0,0.36759861835800073,0.44654099043956885
0.3758236012222581,0.4836980334379185,1232,33.44506072998047,36.112396240234375,34.914082527160645,0.8199776862827604,0,0.36759861835800073,0.44654099043956885
0.3281996035777523,0.41771870350138673,616,35.639827728271484,37.54302978515625,36.969383239746094,0.5947681587710915,0,0.36759861835800073,0.44654099043956885
0.28713604746280597,0.4566535941234453,616,35.823883056640625,37.7838249206543,36.705331325531006,0.6682025420813823,0,0.36759861835800073,0.44654099043956885
0.25340811201455465,0.5894786643743407,847,38.14255142211914,39.5720100402832,38.944007179953836,0.5228140702906977,1,0.3576889468878233,0.5539638984465582
0.4866725531936273,0.4206658837655354,1309,39.27116775512695,40.52785873413086,39.78716255636776,0.39768492752951196,0,0.36759861835800073,0.44654099043956885
0.41181649465155096,0.5070695685710324,1848,36.49182891845703,39.01427459716797,37.88656044006348,0.6337008812253494,1,0.3576889468878233,0.5539638984465582
0.40784223399736436,0.5653434623943018,3157,37.9326171875,40.85710144042969,39.301250085598085,0.5794339539459014,1,0.3576889468878233,0.5539638984465582
