x,y,duration,min_diam,max_diam,mean_diam,std_diam,cluster,x_centroid,y_centroid
0.3922758514107547,0.9466500783329392,924,44.01597595214844,46.78364562988281,45.067084312438965,0.7996981032162989,1,0.37292481167278785,0.9713070023318774
0.43215966303194725,0.900764991327943,693,45.85783386230469,48.03561401367188,46.69525273640951,0.6934334954977847,1,0.37292481167278785,0.9713070023318774
0.2840250615823305,0.5080045356264231,616,37.64440536499024,41.0952377319336,39.9066858291626,1.405367782124278,0,0.309253770741769,0.5700933984479686
0.31197826056441735,0.9860873173888447,616,42.00019454956055,43.33980178833008,42.6092963218689,0.45580531783582023,1,0.37292481167278785,0.9713070023318774
0.37392111004464035,0.9869477377944451,616,43.12314224243164,44.948001861572266,44.2564640045166,0.5269365779926329,1,0.37292481167278785,0.9713070023318774
0.364156214490299,0.9988349448809183,693,43.46688079833984,44.38410568237305,43.99290551079644,0.3840078800722974,1,0.37292481167278785,0.9713070023318774
0.3630577704946684,1.0085569442661741,1540,44.83403396606445,48.35561752319336,46.07873344421387,0.9760928320350827,1,0.37292481167278785,0.9713070023318774
0.33448247990120755,0.6321822612695139,693,45.5132064819336,46.95204544067383,46.25158352322049,0.5261948651464713,0,0.309253770741769,0.5700933984479686
