x,y,duration,min_diam,max_diam,mean_diam,std_diam,cluster,x_centroid,y_centroid
0.3939533467702445,0.7074684167903692,770,52.17026600309091,53.30388498106554,52.81915434896696,0.3835522774564573,1,0.5012828472905702,0.674007542043941
0.47000970188253555,0.6699248917518821,693,51.485879293655856,52.46760995500401,51.92694292620109,0.38796494548769384,1,0.5012828472905702,0.674007542043941
0.726072672768083,0.7440730750435092,1309,51.622544087849946,53.58285295148647,52.80210276819181,0.4680318407696906,0,0.726072672768083,0.7440730750435092
0.5633498687169781,0.7714797815033893,924,51.33438985876904,53.01284239312789,52.43179522462007,0.5291036340390884,1,0.5012828472905702,0.674007542043941
0.5904187288822644,0.5583612319712032,770,52.93401663556576,53.56773375363876,53.27553841157044,0.2192782491317663,1,0.5012828472905702,0.674007542043941
0.555696438731096,0.6680559274610245,1617,52.11413050065872,53.9504945697201,52.78529776773394,0.4854439748473549,1,0.5012828472905702,0.674007542043941
0.4684918983226179,0.681188807008699,924,50.44585545228132,51.440804962854656,51.006161940098785,0.3312862640466015,1,0.5012828472905702,0.674007542043941
0.4670599477282545,0.6615737378210197,1001,49.82449579024185,51.43679326895296,50.80547909892861,0.4335073702563615,1,0.5012828472905702,0.674007542043941
