x,y,duration,min_diam,max_diam,mean_diam,std_diam,cluster,x_centroid,y_centroid
0.4571103826332672,0.4890774019646307,693,39.599888391170495,41.83317466385779,41.093472077865314,0.7413252988383465,0,0.4154307607641333,0.5374339676984483
0.652703542350429,0.5720720824139932,616,44.24880132389195,46.23683819665752,45.37814349151197,0.7824207313843635,1,0.5610996702084884,0.4745726678756044
0.3953602689853123,0.5710543657801409,616,44.774439720248274,46.657100528434704,45.555417464836225,0.6476537078848923,0,0.4154307607641333,0.5374339676984483
0.3938216306738205,0.5521701353505734,693,46.5729808550229,47.981723965311495,47.4265045858297,0.46639529777642635,0,0.4154307607641333,0.5374339676984483
0.4811955089837857,0.4657287319524298,616,43.5539406527314,45.2171754414847,44.26238005075753,0.6082721883141654,1,0.5610996702084884,0.4745726678756044
0.5493999592912504,0.3859171892603903,616,46.52536932156667,47.29571606548837,46.90054759023316,0.2909570150818831,1,0.5610996702084884,0.4745726678756044
