x,y,duration,min_diam,max_diam,mean_diam,std_diam,cluster,x_centroid,y_centroid
0.5617636332607507,0.29323293831180824,693,47.84788235028229,48.15861982618458,47.99051379649441,0.1094634986186466,0,0.5719039812987403,0.3547130677470254
0.5620281891315675,0.637171435495167,616,44.29928796581992,46.93109294036338,45.85216454337951,1.0259753474619144,1,0.5890082611582386,0.6917288961934949
0.5471377355215228,0.3711654751839969,616,47.526506881200646,48.40356766751705,47.92941454045156,0.28429519009105325,0,0.5719039812987403,0.3547130677470254
0.6068105751139474,0.399740789745271,770,47.82427172499052,48.9059817673143,48.645930003254826,0.33055468868040616,0,0.5719039812987403,0.3547130677470254
0.67459713631531,0.7871304659880923,616,47.12152804305346,49.08412937237599,47.9722734248652,0.6598283005520666,1,0.5890082611582386,0.6917288961934949
0.64623095011883,0.6553606406225215,693,40.00796717355713,43.74813344382749,42.485133052916154,1.3344512342029426,1,0.5890082611582386,0.6917288961934949
0.4731767690672469,0.6872530426681988,693,35.26904445661947,38.338322708190105,36.39896126434301,0.9076090133064486,1,0.5890082611582386,0.6917288961934949
