x,y,duration,min_diam,max_diam,mean_diam,std_diam,cluster,x_centroid,y_centroid
0.6506419298126691,0.5872152143896732,693,47.50748966365018,49.6780385311091,48.54683768865286,0.7807198404049538,0,0.6281197387201566,0.5744285782364836
0.3395978906917524,0.19847662204848235,847,47.90914633554323,49.026018996630846,48.36729945212897,0.35898429132569576,1,0.430281354654603,0.20540666196721635
0.670952891926285,0.6185493518397762,616,47.935923291223766,50.9053669613392,49.50310115698531,0.8794606709905156,0,0.6281197387201566,0.5744285782364836
0.6619269359252393,0.6141507529133278,693,47.72442485967842,50.20250189056679,49.109346257708054,0.7895496009373426,0,0.6281197387201566,0.5744285782364836
0.528957197216433,0.47779899380315755,616,48.47577780282952,48.98155560589221,48.68744094047598,0.17422665270487572,0,0.6281197387201566,0.5744285782364836
0.5209648186174536,0.21233670188595036,616,48.32414759755686,49.06516361396856,48.68296707221508,0.23168072518465857,1,0.430281354654603,0.20540666196721635
