x,y,duration,min_diam,max_diam,mean_diam,std_diam,cluster,x_centroid,y_centroid
0.5611739253005585,0.6636955677915127,770,46.82724362840657,48.25567193276683,47.520068093268115,0.47224860226869214,0,0.4661350126518295,0.5555016775769442
0.4643789667025567,0.5686995139393088,847,47.56021495041152,48.39245830298366,48.09279798971511,0.24704762611119427,0,0.4661350126518295,0.5555016775769442
0.4648075480791147,0.5958236432023217,1540,47.86384111574365,48.953389206493846,48.36403853905044,0.2839038230357071,0,0.4661350126518295,0.5555016775769442
0.3336225125435728,0.07703044435508448,847,49.275889695125336,51.87622271428198,51.08765928243886,0.7140709162401326,1,0.3336225125435728,0.07703044435508449
0.37417961052508814,0.39378798537463355,770,48.46346691440264,49.29582619534196,48.810012576865915,0.2638987745740258,0,0.4661350126518295,0.5555016775769442
