x,y,duration,min_diam,max_diam,mean_diam,std_diam,cluster,x_centroid,y_centroid
0.22781209314104972,0.741386397302658,616,44.94913864135742,45.35031127929688,45.14548349380493,0.13296429912588642,0,0.1986792449755137,0.6528669853312956
0.2133439412922995,0.7937562852809649,616,44.67826461791992,45.91193008422852,45.52644634246826,0.4308830940116097,1,0.30950076437453233,0.8247536176121181
0.16954639680997766,0.5643475733599332,847,44.48517990112305,45.16790008544922,44.89789789373224,0.20476714597403697,0,0.1986792449755137,0.6528669853312956
0.2804388278575729,0.8372901550581142,770,47.32901382446289,48.0984992980957,47.691582107543944,0.3037440987453122,1,0.30950076437453233,0.8247536176121181
0.3360971919108158,0.7065342020486626,770,47.92808151245117,48.372520446777344,48.26498908996582,0.13286035269222293,1,0.30950076437453233,0.8247536176121181
0.281360259569818,0.9235769759961148,1001,47.41804504394531,48.39652633666992,47.86129027146559,0.29640365790951434,1,0.30950076437453233,0.8247536176121181
0.4362636012421556,0.862610469676734,616,50.42823028564453,51.06703186035156,50.797987937927246,0.24024885771981155,1,0.30950076437453233,0.8247536176121181
