x,y,duration,min_diam,max_diam,mean_diam,std_diam,cluster,x_centroid,y_centroid
0.4893564075565433,0.36319459691123845,616,52.65087468345831,56.89344919481334,55.300317028448,1.9884108764757298,0,0.4837385137686939,0.39667809920377806
0.4920990319939883,0.3949516403944813,616,53.19018053482571,57.16023300949592,56.17366096736791,1.6845767415650088,0,0.4837385137686939,0.39667809920377806
0.46351646888893544,0.4289440813092441,616,53.82688683169518,58.35532170504478,57.35685738669949,1.4670645256494523,0,0.4837385137686939,0.39667809920377806
0.48998214663530854,0.3996220782001485,770,54.85769759864445,60.71815159299028,58.60967591441067,2.533355984457386,0,0.4837385137686939,0.39667809920377806
0.4854264372866147,0.49298503312405184,616,55.13666272450443,59.54145446698238,58.50700043001741,1.5293086714161215,1,0.47906077103443173,0.5053943740450738
0.47495829727010447,0.5006819628908149,616,56.99914123031071,60.29233145843816,58.979220986210194,1.2100451171465891,1,0.47906077103443173,0.5053943740450738
0.47679757854657606,0.5225161261203548,693,57.39357512594424,61.21117730921032,60.37199001718896,1.279931840508257,1,0.47906077103443173,0.5053943740450738
