x,y,duration,min_diam,max_diam,mean_diam,std_diam,cluster,x_centroid,y_centroid
0.49568270690220134,0.3602382452200272,7777,51.82827317931317,62.28375409687277,59.00166851412056,1.7663305475279876,1,0.5065349408349078,0.43347621470605446
0.39131089712689954,0.5409242116518143,3850,52.18685672734509,65.33533804118274,57.714278334931834,3.3672841404042257,0,0.4111512245175894,0.5601217668733526
0.3970139042407498,0.6084126057701443,847,52.77968477018882,58.782446951136656,55.17909956572533,1.7287011909091408,0,0.4111512245175894,0.5601217668733526
0.4451288721851188,0.5310284831980991,924,53.24354577389857,61.40623479353303,58.587116368448356,2.363225106412879,0,0.4111512245175894,0.5601217668733526
0.5003276530050499,0.48685088866438847,9394,52.32039620910509,60.503157050993046,58.413129420885255,1.3513630499619598,1,0.5065349408349078,0.43347621470605446
0.5183478233066491,0.3993022508677864,5313,56.09678159572261,61.90232566286284,58.361683005852015,1.3877071499087092,1,0.5065349408349078,0.43347621470605446
0.5127757815187811,0.4173156324185754,616,52.83191496295594,61.64455928113952,56.71971419630006,2.789516365536286,1,0.5065349408349078,0.43347621470605446
0.5055407394418573,0.503674056359495,2926,55.46736865912866,60.75248254506463,59.31659148344329,1.546475096310906,1,0.5065349408349078,0.43347621470605446
