x,y,duration,min_diam,max_diam,mean_diam,std_diam,cluster,x_centroid,y_centroid
0.4646810194786137,0.6404108627716114,1155,43.54650539831636,54.33920934705112,48.36908596631735,2.9014801328452955,0,0.5057865293857244,0.6244536245911558
0.5012327726234515,0.6294760807016891,924,45.50111613936825,50.791269435009205,48.78880789117647,1.809595707563773,0,0.5057865293857244,0.6244536245911558
0.551445796055108,0.6034739303001669,616,53.5314482638049,56.385755946845855,55.3394852814816,0.9431515708666398,0,0.5057865293857244,0.6244536245911558
0.5283050390967687,0.33123400800872405,693,51.04775688824292,55.12277025847087,53.3539832440817,1.7311203214850341,1,0.5283050390967687,0.33123400800872405
