x,y,duration,min_diam,max_diam,mean_diam,std_diam,cluster,x_centroid,y_centroid
0.44218979374463024,0.4612219523028692,770,54.00788704335694,60.252152016323855,58.85759519177191,2.490838888734287,1,0.494315688931954,0.5000960040126607
0.47038222579669503,0.6121129533633913,1463,48.27350221501274,53.285922291894366,51.206791081485996,1.713589861846572,0,0.47961774974393323,0.6153454381616049
0.46760225292176805,0.6095057204420069,693,52.95899871526944,55.56663925180781,54.33767020029064,0.9312297164287576,0,0.47961774974393323,0.6153454381616049
0.4651553193508534,0.6067096793117783,693,54.78920886995558,55.24850145280909,55.00302937841716,0.16563511029425992,0,0.47961774974393323,0.6153454381616049
0.48731162105639025,0.5796777318053704,693,54.3775364882984,55.743135083760194,55.020254592378755,0.3838704851241822,0,0.47961774974393323,0.6153454381616049
0.5048946132777832,0.6303932320533412,924,54.26553218388088,55.64389059693706,55.01256457804593,0.46305575515874825,0,0.47961774974393323,0.6153454381616049
0.4791185945926212,0.6270991985163215,616,54.95915727392045,56.29502690061354,55.547978035678995,0.44225159994531366,0,0.47961774974393323,0.6153454381616049
0.4828596212114217,0.6419195516390251,1309,55.607705012770886,56.82313442673695,56.21623487214195,0.3656631346343852,0,0.47961774974393323,0.6153454381616049
0.5464415841192778,0.5389700557224523,616,53.88897536326108,56.86173741715484,55.27091194736371,1.1166218075890166,1,0.494315688931954,0.5000960040126607
