x,y,duration,min_diam,max_diam,mean_diam,std_diam,cluster,x_centroid,y_centroid
0.38068412226269216,0.4230857743708425,924,51.43356805950422,58.507636382143005,54.939404378406,3.2122472725421205,0,0.386433564873816,0.428602432534738
0.38407339883953917,0.42086584068488175,1001,50.47697970594961,56.90188175272945,54.28624766730415,2.7325563097742966,0,0.386433564873816,0.428602432534738
0.3820376983710382,0.42430016819972277,1309,51.26666766728109,58.206985212017536,54.89794022804829,3.1729183095925353,0,0.386433564873816,0.428602432534738
0.3730810410749308,0.4327134022324914,847,51.91919954754341,59.03049655201054,55.602085824073036,3.2548627520294504,0,0.386433564873816,0.428602432534738
0.3808183930066415,0.42406320248828727,693,52.47233316010824,59.22650036501776,56.29585015893348,3.291760200571635,0,0.386433564873816,0.428602432534738
0.37659501242742727,0.39029356200812915,924,49.83631169783711,58.208383874164376,54.69292236024558,3.98126670283732,0,0.386433564873816,0.428602432534738
0.3891756505686867,0.39381122536509594,693,50.84725702048032,59.152293830742366,54.69505831427291,4.001808969350783,0,0.386433564873816,0.428602432534738
0.5795529628841162,0.2849992598307651,693,52.95055813531822,57.57328662769762,55.213056571830414,1.950757293396314,1,0.5795529628841162,0.2849992598307651
0.4250032024395725,0.5196862849284535,1771,50.119031644693685,58.67505376327137,55.01814313165301,3.142037621895809,0,0.386433564873816,0.428602432534738
