x,y,duration,min_diam,max_diam,mean_diam,std_diam,cluster,x_centroid,y_centroid
0.5267585268950772,0.6207472016635254,924,57.65081847435228,63.83872845696123,61.00973675774076,2.4068009812371716,1,0.47646848039975925,0.6271455410442671
0.378715225928203,0.6020931634151107,1001,57.11576074292408,62.03062817013911,59.539498200086896,2.137593908773309,1,0.47646848039975925,0.6271455410442671
0.7120911014534261,0.41079421125540166,924,59.00103615702386,60.7210319970353,59.726547874122026,0.6547830044233733,0,0.6227738773450134,0.3957378637513902
0.7146831325337776,0.4264886120028901,770,59.8249068426672,62.86377517998902,61.2207519559298,1.0235768027932834,0,0.6227738773450134,0.3957378637513902
0.48913250865149266,0.6165490826761499,616,58.27969973888113,63.33529557973724,60.77669877560429,2.3189279780170016,1,0.47646848039975925,0.6271455410442671
0.4415473980478367,0.3499307679958787,770,58.63550959151328,64.9983917043589,62.601224865439065,2.760304262839168,0,0.6227738773450134,0.3957378637513902
0.49641334888435185,0.654527141344196,847,59.623566235549326,64.78856311899911,62.77651727465041,2.248111665915206,1,0.47646848039975925,0.6271455410442671
0.4913227916396717,0.6418111161223536,924,57.24734352698917,64.15623636388085,61.336005505111025,2.594339362139781,1,0.47646848039975925,0.6271455410442671
