x,y,duration,min_diam,max_diam,mean_diam,std_diam,cluster,x_centroid,y_centroid
0.3678225215168189,0.567340198323332,693,67.33596831628145,68.68843884875719,67.90002367552695,0.380095110238726,0,0.45776292323419554,0.5561016646373463
0.516508753915085,0.5315027264708632,616,68.3584679652063,69.38344141589745,69.01216072918686,0.3626398322462846,0,0.45776292323419554,0.5561016646373463
0.48895749427068275,0.5694620691178439,616,68.92658487677627,70.041681206184,69.37677053273516,0.3154123535356416,0,0.45776292323419554,0.5561016646373463
0.5098702260491924,0.6472349232358667,616,67.26319271441858,68.67243374950326,67.73877625185267,0.4823293552278578,1,0.5098702260491924,0.6472349232358667
