x,y,duration,min_diam,max_diam,mean_diam,std_diam,cluster,x_centroid,y_centroid
0.6322493490669847,0.3974732055394415,770,58.66719134343271,63.50631390984754,60.82470752759652,1.897222892518925,1,0.6345531512443325,0.40927567869594317
0.6368569534216802,0.42107815185244485,924,59.25125445479315,63.24136187535059,61.05146036870303,1.5395035771442351,1,0.6345531512443325,0.40927567869594317
0.3340173014050954,0.5304009313896388,770,66.29982925490431,66.98359371260986,66.62381368924345,0.20915584566786283,0,0.40859935273384956,0.5650961290183539
0.3592556951856414,0.6702715413883101,693,62.73363814655702,63.72946909692451,63.1961549186835,0.34412743120504724,0,0.40859935273384956,0.5650961290183539
0.47704050530155395,0.5421210882617384,1078,59.09956727209944,67.97443957488233,64.18767643145313,3.7368770118009933,0,0.40859935273384956,0.5650961290183539
0.46408390904310753,0.5175909550337283,693,56.07023697183493,64.84967690220904,60.0844540802074,4.262005322688079,0,0.40859935273384956,0.5650961290183539
