x,y,duration,min_diam,max_diam,mean_diam,std_diam,cluster,x_centroid,y_centroid
0.4755454377978159,0.7664935190139578,616,56.87782113003596,61.52018268714386,58.75846143575265,1.7041164353628044,1,0.4477706670042114,0.7493413656932288
0.5694786628416565,0.40188999755818716,616,58.30704194079337,65.94261923531272,62.49820521254374,3.4219585402274504,0,0.5625124496411302,0.3825298063523509
0.419995896210607,0.7321892123725,847,61.73778611834111,64.06508664019456,62.569364145142956,0.6067010272858973,1,0.4477706670042114,0.7493413656932288
0.5555462364406039,0.36316961514651463,616,62.38490282089283,65.78421623284137,64.32063601360204,1.0363183477434883,0,0.5625124496411302,0.3825298063523509
