x,y,duration,min_diam,max_diam,mean_diam,std_diam,cluster,x_centroid,y_centroid
0.5024814608701087,0.66501902761497,924,35.34943291257755,39.91391809590249,37.62503988657034,1.8327897859899667,1,0.5081704800029612,0.6154868994477102
0.23703850892106226,0.582273987396941,1232,37.21283580366055,38.38036004614163,37.798599745207966,0.3712614328854483,2,0.23703850892106226,0.582273987396941
0.4822506590969654,0.5574665171460921,616,42.16578800596848,43.69754756538879,43.030842377144694,0.5378620068354227,1,0.5081704800029612,0.6154868994477102
0.46539002247635974,0.7836522026311391,693,37.78866379274592,39.46510910203544,38.74428819737905,0.49738601193446985,0,0.4063791309081235,0.7447803799860369
0.5535316925985925,0.6282483578338464,770,41.4008970868192,42.56250726143338,41.80454365075986,0.3195976422101399,1,0.5081704800029612,0.6154868994477102
0.5448571478395136,0.5987795414715862,1309,42.66750474983955,43.507291493273584,43.06429759456472,0.27224783593246776,1,0.5081704800029612,0.6154868994477102
0.4577314396096257,0.6279210531720563,693,41.60372950499324,43.10083104588941,42.45448030976015,0.6136051116535984,1,0.5081704800029612,0.6154868994477102
0.34700291465889777,0.7486242648770777,770,37.66073087506797,38.68487694622878,38.09352364870908,0.34645094621279765,0,0.4063791309081235,0.7447803799860369
0.40674445558911304,0.7020646724498938,616,41.177725828879325,42.2925567534987,41.6006237013178,0.38431018910248194,0,0.4063791309081235,0.7447803799860369
