x,y,duration,min_diam,max_diam,mean_diam,std_diam,cluster,x_centroid,y_centroid
0.4173909897086327,0.5774155071480574,693,40.40118822643517,43.71473490493608,41.541263051459595,1.109118502209241,0,0.43095369967696606,0.643009455761238
0.5247168563627281,0.6875684108921518,693,40.33769025473752,43.56609727739948,41.618542944477475,1.1093283733465584,1,0.5545898796020081,0.6308307847229883
0.36340560706466785,0.6180880590152047,616,40.06296382391808,42.668825766382426,41.14096710987629,0.914877780524595,0,0.43095369967696606,0.643009455761238
0.4738891998054089,0.6507185579034513,616,44.44599091447599,45.38510257905835,44.87267284527633,0.29326113493417033,0,0.43095369967696606,0.643009455761238
0.4256177913765228,0.6484211386511292,616,45.506122533027686,47.94316378574617,46.977088190427835,0.8572398115274948,0,0.43095369967696606,0.643009455761238
0.41056550716695456,0.5902426798251025,770,43.64181055154035,46.279503775712186,45.12295277001117,0.9931714512308515,0,0.43095369967696606,0.643009455761238
0.49485310293960955,0.773170792024483,847,41.45001699985631,44.102720762252346,42.63507299654752,0.8810109337334328,0,0.43095369967696606,0.643009455761238
0.584462902841288,0.5740931585538247,693,46.16049396244991,48.706857098264805,47.513069746945234,0.981951187516833,1,0.5545898796020081,0.6308307847229883
