x,y,duration,min_diam,max_diam,mean_diam,std_diam,cluster,x_centroid,y_centroid
0.49456094029538955,0.6356628857927227,1232,49.60714368475188,52.47505685166699,50.91012853904826,1.1146842827592023,1,0.4884492504151189,0.59988961614192
0.5099462828499,0.4370130075548219,616,55.98120016932806,57.88981841525308,56.864785357111515,0.5795712378960884,1,0.4884492504151189,0.59988961614192
0.2815844074158208,0.566714973534592,616,48.09353411414112,49.531625574014285,48.83872916906025,0.4965947997882787,0,0.2815844074158208,0.566714973534592
0.4831550954598456,0.5941865097126374,1001,54.436460968897705,56.53651909812711,55.549626665108185,0.7687110338215927,1,0.4884492504151189,0.59988961614192
0.5275886566319388,0.6331239415057397,1001,55.55797766592607,56.47018617456327,55.87753812759089,0.3128619405864093,1,0.4884492504151189,0.59988961614192
0.48115386526478415,0.6283893881218491,924,56.713037892436425,57.981239662395126,57.341658563370174,0.3559121852563197,1,0.4884492504151189,0.59988961614192
0.43429066198885524,0.6709619641637496,1001,59.18782287450906,60.639401839544846,59.69097592636576,0.4342023742376492,1,0.4884492504151189,0.59988961614192
