x,y,duration,min_diam,max_diam,mean_diam,std_diam,cluster,x_centroid,y_centroid
0.541184530933106,0.5374518053084115,847,59.3708816839674,60.6429924876054,60.023500563808696,0.3474164368162087,0,0.46320687184611464,0.5426210740775784
0.3781024070399867,0.7394403683238868,616,58.55772669936327,59.47124391009164,59.00165593000216,0.387725916670607,1,0.49350994105058554,0.6778897559569774
0.46340278889635145,0.5636694096734263,616,56.90197645739582,58.30706798038922,57.61865559476389,0.5728820417422738,0,0.46320687184611464,0.5426210740775784
0.38503329570888645,0.5267420072508974,616,57.2783920950925,58.06831265693178,57.70000968574045,0.3138177708077909,0,0.46320687184611464,0.5426210740775784
0.4928586887240243,0.7072467225154071,616,58.69142515476083,59.87535096227829,59.12045825417532,0.4170842985054748,1,0.49350994105058554,0.6778897559569774
0.5021737474027014,0.651447196045909,693,62.44342305931689,63.06087327412976,62.78800081882802,0.19890138134963922,1,0.49350994105058554,0.6778897559569774
0.6009049210356299,0.6134247369427069,924,61.13789678976874,61.98171760621132,61.59405529905808,0.31023613372079273,1,0.49350994105058554,0.6778897559569774
