x,y,duration,min_diam,max_diam,mean_diam,std_diam,cluster,x_centroid,y_centroid
0.4780354843626372,0.521090569915481,770,62.37750030031175,64.37895587606505,63.184516170855225,0.5539203613114646,0,0.5006849855589285,0.5471918158850744
0.5189864208275327,0.553913641642853,1001,62.57636250795108,64.81897275413993,64.29795230564457,0.6159656008175407,0,0.5006849855589285,0.5471918158850744
0.5125397495444184,0.5134007491205271,693,63.27551502152124,64.97318378156916,63.84636959442312,0.4853766088784386,0,0.5006849855589285,0.5471918158850744
0.4455114597030872,0.6708782626430987,770,63.78638118001726,64.5282489167195,64.1139987557384,0.2653597915541666,1,0.4057750524029302,0.6388689022593237
0.3617165015524644,0.5732359747377264,616,67.2384460900366,68.04593634815876,67.52075230595148,0.2579678323019542,1,0.4057750524029302,0.6388689022593237
0.4100971959532391,0.6724924693971461,616,65.48814814083931,66.77892627105835,65.91601787647957,0.39942233005110794,1,0.4057750524029302,0.6388689022593237
0.4931782875011256,0.6003623028614364,616,65.5919498238942,66.78648594574935,66.05969949753654,0.4294572885223629,0,0.5006849855589285,0.5471918158850744
