x,y,duration,min_diam,max_diam,mean_diam,std_diam,cluster,x_centroid,y_centroid
0.0999604486629429,0.6666570099640472,770,46.16167068481445,46.956275939941406,46.724111557006836,0.23242607933121281,0,0.16542184210235522,0.6161876879144176
0.08247146688990663,0.6200057005532221,1078,46.675594329833984,47.585693359375,47.19455255780901,0.27072398318646956,0,0.16542184210235522,0.6161876879144176
0.16139298205150293,0.5506139424765486,616,47.68206024169922,48.59807968139648,48.02876043319702,0.3064919400526372,0,0.16542184210235522,0.6161876879144176
0.15128606425576926,0.6262297255639866,770,48.02958679199219,48.35689163208008,48.2113540649414,0.122157691951837,0,0.16542184210235522,0.6161876879144176
0.19569357205969193,0.5889796846367907,847,49.41073226928711,50.48126220703125,49.917964241721414,0.2636609595565863,0,0.16542184210235522,0.6161876879144176
0.45748665149904294,0.9585926152180194,693,19.760631561279297,26.325040817260746,22.14201545715332,2.0281038808792786,1,0.45748665149904294,0.9585926152180194
0.2504059633114464,0.609068191703769,616,46.95246505737305,48.182254791259766,47.44700527191162,0.4491051721835959,0,0.16542184210235522,0.6161876879144176
0.2394878705568192,0.6228002324920957,616,45.556243896484375,46.59762191772461,45.86832284927368,0.38284953096103297,0,0.16542184210235522,0.6161876879144176
0.14267636903076267,0.6451470159248806,616,47.12167739868164,48.552772521972656,47.826783657073975,0.5123317522629467,0,0.16542184210235522,0.6161876879144176
