x,y,duration,min_diam,max_diam,mean_diam,std_diam,cluster,x_centroid,y_centroid
0.1487420472798346,0.678985021218895,616,42.52192687988281,43.333038330078125,42.85472869873047,0.25807433974579796,0,0.12174301456553488,0.6270547120659663
0.11952939435666937,0.6846028634192709,616,44.66550064086914,45.66866302490234,45.146928787231445,0.32660327865396743,0,0.12174301456553488,0.6270547120659663
0.0532767278529342,0.5920805188003434,1001,44.32065963745117,45.64148712158203,44.94070141132061,0.414217718236474,0,0.12174301456553488,0.6270547120659663
0.12206323795797555,0.5288107468671419,616,46.21875381469727,47.40521240234375,46.73447561264038,0.3378807237466125,0,0.12174301456553488,0.6270547120659663
0.1389717174129734,0.61640061680581,616,46.547794342041016,47.362037658691406,47.11748504638672,0.26587208861075645,0,0.12174301456553488,0.6270547120659663
0.1621182033605123,0.5438085200102813,693,50.40327072143555,51.72153091430664,50.805276234944664,0.38233258807256615,0,0.12174301456553488,0.6270547120659663
0.10749977373784482,0.7446946973400214,693,47.54174423217773,48.62220764160156,48.23241763644748,0.3009500552872134,0,0.12174301456553488,0.6270547120659663
0.44688033213916856,0.9328992617544777,1309,20.07678985595703,23.503297805786133,21.34662695492015,0.7856850427861168,1,0.44688033213916856,0.9328992617544777
