x,y,duration,min_diam,max_diam,mean_diam,std_diam,cluster,x_centroid,y_centroid
0.23910785996578007,0.5317278821109255,1001,47.18024826049805,48.244083404541016,47.898167243370644,0.3070015726436442,1,0.24477310973147337,0.4758849929614627
0.27440391724926705,0.4220810029902346,924,48.54304885864258,50.1559944152832,49.520829836527504,0.4251863100075106,1,0.24477310973147337,0.4758849929614627
0.24700044220077622,0.4081530756745292,693,47.95884704589844,48.82039260864258,48.41840913560655,0.3356995607914701,1,0.24477310973147337,0.4758849929614627
0.2760014606573231,0.6468277691428563,770,48.552127838134766,49.21803665161133,48.860709762573244,0.1879028726852121,0,0.30520728235900796,0.7381416240706
0.2369695471412333,0.4497713858085195,847,47.234317779541016,48.7746467590332,48.3852951743386,0.4104011178145609,1,0.24477310973147337,0.4758849929614627
0.3257477071114429,0.7536916262331013,616,50.258419036865234,50.70627212524414,50.47436332702637,0.15587156106242767,0,0.30520728235900796,0.7381416240706
0.20949763220625156,0.4759239874318111,693,47.0993766784668,47.781734466552734,47.49499087863498,0.20045043324168518,1,0.24477310973147337,0.4758849929614627
0.261659259625532,0.567652623752756,693,48.72950744628906,49.25126266479492,48.9251463148329,0.16157942932609898,1,0.24477310973147337,0.4758849929614627
0.31387267930825785,0.8139054768358427,693,50.23390197753906,50.74464416503906,50.45965152316623,0.16394159510777215,0,0.30520728235900796,0.7381416240706
