x,y,duration,min_diam,max_diam,mean_diam,std_diam,cluster,x_centroid,y_centroid
0.37476060403758216,0.6417119863350236,1155,54.92687225341797,57.735198974609375,56.23153813680013,1.1015828306131283,1,0.40673566738947287,0.6354551513629636
0.3950700173601863,0.5727020333220314,1925,54.909427642822266,58.694034576416016,56.84754089355469,1.2248046926711094,0,0.4021108304107035,0.5898090873483031
0.4091516434612207,0.6069161413745746,2464,58.85235595703125,60.20071029663086,59.5285085439682,0.37464860912777886,0,0.4021108304107035,0.5898090873483031
0.41027148580811496,0.6420320722843033,1309,60.484153747558594,61.20955276489258,60.80600671207203,0.2282931747386744,1,0.40673566738947287,0.6354551513629636
0.4234553886142245,0.6339557141612183,616,58.230262756347656,59.684268951416016,58.94395065307617,0.5615539922160924,1,0.40673566738947287,0.6354551513629636
0.4137372197664209,0.627934366442289,847,59.57270431518555,61.2139778137207,60.03464958884499,0.4385426270244251,1,0.40673566738947287,0.6354551513629636
0.4114536387210219,0.6316416175919838,3003,60.1102409362793,63.59259796142578,61.43702159783779,0.7854341966360967,1,0.40673566738947287,0.6354551513629636
