x,y,duration,min_diam,max_diam,mean_diam,std_diam,cluster,x_centroid,y_centroid
0.5818348044254129,0.48050577408307277,1001,39.24159599245037,41.0009818030638,40.245706546319575,0.5421353426024683,1,0.5987592207779509,0.4492880656409567
0.5270490193931769,0.37304274127598813,616,41.12124031054609,42.48350622033138,41.93190762122724,0.39023586510984765,0,0.5149095654223442,0.413564184083849
0.5186175919733842,0.43356252519569566,924,40.68018363415048,41.80298077181274,41.44933127647275,0.32091708729330565,0,0.5149095654223442,0.413564184083849
0.49906208490047144,0.4340872857798631,1540,41.05167392173251,42.44114538426856,41.90413506501614,0.36800094732375005,0,0.5149095654223442,0.413564184083849
0.6156836371304888,0.4180703571988406,1155,42.03870689398401,44.12033716969848,42.99674021796474,0.7225798863368367,1,0.5987592207779509,0.4492880656409567
