x,y,duration,min_diam,max_diam,mean_diam,std_diam,cluster,x_centroid,y_centroid
0.48422943830310694,0.41298424338365164,693,39.33761452184937,40.51006847061937,40.02681753494725,0.35848366633345935,0,0.5027829376258854,0.5063618134654082
0.5469574562287476,0.6095349524823466,616,34.992178571030784,36.13052532328636,35.73543347446103,0.44850698630501357,0,0.5027829376258854,0.5063618134654082
0.5004046503133601,0.521813756382251,616,34.608382471182765,35.69774130855637,35.17881362883402,0.41574956556497683,0,0.5027829376258854,0.5063618134654082
0.7020644406945414,0.4808576233476081,693,32.68767415695307,33.74335962285095,33.3245689617363,0.3802491759146244,1,0.6789374634761314,0.40068194374901056
0.4492163932899672,0.5141402746016348,847,33.56736232507985,34.54200139467188,34.11087867734622,0.29237879576797343,0,0.5027829376258854,0.5063618134654082
0.6558104862577214,0.320506264150413,770,38.27876239750833,40.200968815958745,38.91665949461441,0.5527977891630969,1,0.6789374634761314,0.40068194374901056
0.5331067499942452,0.4733358404771572,847,40.65790939988058,42.178046759260056,41.70246097143577,0.5595832541550084,0,0.5027829376258854,0.5063618134654082
