x,y,duration,min_diam,max_diam,mean_diam,std_diam,cluster,x_centroid,y_centroid
0.6242798895527992,0.6595995058810591,770,37.7843746384788,39.83396075249946,38.45193749756115,0.6853021454856957,2,0.6362650776825293,0.6581947136150501
0.5794651293013056,0.37504817332931906,616,40.31800730508783,40.6240370890156,40.47489569452447,0.11628986882153496,1,0.5661580790179518,0.3934786175591435
0.68399421729594,0.5762632054909325,616,31.102172123754723,32.224064848142206,31.646536786474485,0.4201315270447296,2,0.6362650776825293,0.6581947136150501
0.4836296073261609,0.7456574332499192,847,25.738020998254104,28.65693757813365,26.57700105158716,0.9564582811686503,0,0.457227734845687,0.6447139974298839
0.40951656241286016,0.5903520706347087,1386,34.97240133037253,37.48659244037758,36.0392280759291,0.7878173220959094,0,0.457227734845687,0.6447139974298839
0.5746530684117644,0.6982566512237511,693,34.704701941107054,37.60993930081888,36.267027719311876,1.1662099653943212,2,0.6362650776825293,0.6581947136150501
0.552851028734598,0.41190906178896797,770,36.85923029164577,37.40417868624765,37.064842354242344,0.1780984773648675,1,0.5661580790179518,0.3934786175591435
0.47853703479803994,0.5981324884050238,770,34.79097554190576,37.13708263987224,36.25517311507117,0.7593224231219835,0,0.457227734845687,0.6447139974298839
0.6621331354696135,0.6986594918644575,693,34.37006866146679,35.919503694078884,34.8895175478972,0.5883658323908365,2,0.6362650776825293,0.6581947136150501
