x,y,duration,min_diam,max_diam,mean_diam,std_diam,cluster,x_centroid,y_centroid
0.40588212624680914,0.585425747140558,693,37.34779495846063,38.08380367637752,37.784806861593566,0.2132707959323966,2,0.45123316284474385,0.5856120369854748
0.42718231488076125,0.6799808682969606,924,36.294996587721805,37.02844072979743,36.58133859094917,0.2061452605166292,1,0.4094164940860495,0.6481185018172245
0.4838613588515627,0.5715321152653414,693,37.55047824718606,38.01278651050292,37.83633000606772,0.1766024303956025,2,0.45123316284474385,0.5856120369854748
0.4267079962051157,0.4902907146109866,770,36.12391052608855,36.97235150727923,36.597869571980496,0.22616002946123448,0,0.44299891704376865,0.4861793004314068
0.4592898378824216,0.4820678862518269,616,36.35053965883514,37.26601586873021,36.8085864671322,0.3177661789652219,0,0.44299891704376865,0.4861793004314068
0.4639560034358597,0.599878248550525,693,36.41623875511522,36.98698557161486,36.70791413084661,0.19506448911465665,2,0.45123316284474385,0.5856120369854748
0.41141520161707845,0.6298236050995976,693,36.0513092088437,37.07775006662981,36.617634772228634,0.35473536775357845,1,0.4094164940860495,0.6481185018172245
0.4001620683961908,0.6369853880496362,1001,34.68669971831376,36.47385223232195,35.434280760555374,0.6611897335274947,1,0.4094164940860495,0.6481185018172245
0.39890639145016765,0.6456841458227037,924,34.179360370840854,34.78635918943371,34.42518566800154,0.16684171977081239,1,0.4094164940860495,0.6481185018172245
