x,y,duration,min_diam,max_diam,mean_diam,std_diam,cluster,x_centroid,y_centroid
0.6209505796582606,0.45504103456564327,847,41.068992614746094,43.78820037841797,42.278966730291195,0.7876512449655296,1,0.6023914925512952,0.46009401068675676
0.4066662877757837,0.4614336582868159,924,49.3978385925293,52.13161849975586,51.136210441589355,0.8932053986532811,0,0.4419326184948143,0.5411675688737236
0.39915582520277587,0.5834035316299322,616,37.67169189453125,45.82313919067383,41.766432762145996,2.9090276247216558,0,0.4419326184948143,0.5411675688737236
0.5713764509724045,0.4330919752889577,770,48.46324920654297,49.59632110595703,49.10549125671387,0.3356126292403948,1,0.6023914925512952,0.46009401068675676
0.6148474470232206,0.49214902220566936,770,48.61832427978516,49.88882064819336,49.18148307800293,0.3354223250937304,1,0.6023914925512952,0.46009401068675676
0.4579196522383237,0.575096741394766,1309,36.06887435913086,39.68735122680664,37.774193707634424,1.1224396036755018,0,0.4419326184948143,0.5411675688737236
0.503988708762374,0.5447363441833806,770,41.95560073852539,44.25804138183594,43.45229911804199,0.7675495046445975,0,0.4419326184948143,0.5411675688737236
