x,y,duration,min_diam,max_diam,mean_diam,std_diam,cluster,x_centroid,y_centroid
0.48103079451820097,0.34476219352599924,693,53.3645133972168,55.68849563598633,54.63477325439453,0.7103235024886406,1,0.46849408034362483,0.43312872477917946
0.3616658049000589,0.49367715604092177,847,54.08380889892578,55.83354187011719,55.043675509366125,0.5307212590941718,0,0.3753283118643982,0.5296626113828391
0.38899081882873754,0.5656480667247563,847,54.82112503051758,56.12713241577149,55.45900414206765,0.3861012734319662,0,0.3753283118643982,0.5296626113828391
0.4556500640204685,0.4894122768625587,770,51.17048645019531,55.0661735534668,53.53091468811035,1.2057594807810184,1,0.46849408034362483,0.43312872477917946
0.4688013824922051,0.46521170394898037,616,53.79170608520508,55.56150817871094,54.86824655532837,0.5405379682367334,1,0.46849408034362483,0.43312872477917946
