x,y,duration,min_diam,max_diam,mean_diam,std_diam,cluster,x_centroid,y_centroid
0.5243641274416425,0.627202730137292,1155,43.422570794998826,45.022878831448885,44.25528718514055,0.48225138524409034,0,0.46025894988163724,0.6080330681031924
0.4263858650856884,0.5735845009978878,693,40.42285749855025,41.4095524943292,40.993918548513705,0.3115924419429254,0,0.46025894988163724,0.6080330681031924
0.4470435177812764,0.6564418203456757,616,41.77266277819295,42.63447078330084,42.221647393347425,0.28870839295892636,0,0.46025894988163724,0.6080330681031924
0.3965642046387339,0.6670695747129459,693,38.150781131359686,38.75565341111844,38.450267096000466,0.18785788322070085,0,0.46025894988163724,0.6080330681031924
0.49349282590962856,0.5587615322847256,1078,46.67908694764792,48.2006815103694,47.50233871556521,0.4310722799123454,0,0.46025894988163724,0.6080330681031924
0.4737031584328538,0.5651382501406272,770,47.35202196948221,47.98753083215111,47.62497470569035,0.23770459136272873,0,0.46025894988163724,0.6080330681031924
0.5773121290453678,0.7055847332916992,1848,44.90017233798962,46.67987386003076,45.685301612578826,0.5570694750296713,1,0.5773121290453678,0.7055847332916992
