x,y,duration,min_diam,max_diam,mean_diam,std_diam,cluster,x_centroid,y_centroid
0.4765143643434859,0.49888251548757606,5775,44.70070266723633,49.58780288696289,47.04854365030924,1.0355547629350126,0,0.49361971500799257,0.5930089341689587
0.3813637142149487,0.48020387845450974,847,44.70260620117188,48.0971908569336,46.11163919622248,1.2918561526526235,1,0.37189894792522515,0.5456601416933118
0.3542631649229997,0.5488648836437525,16632,42.890892028808594,50.37491226196289,46.942791921121106,2.2486076195480167,1,0.37189894792522515,0.5456601416933118
0.4873551607725332,0.5766213546114193,9471,42.46727752685547,50.27716064453125,46.787586429254794,1.7443440057650745,0,0.49361971500799257,0.5930089341689587
0.5722851490462786,0.6131545416538369,24640,18.953990936279297,48.83570098876953,43.97813292145729,3.9437643197603665,0,0.49361971500799257,0.5930089341689587
0.4542012130020981,0.6429902201283351,15169,33.317039489746094,49.6654052734375,41.79217715190752,4.463408124469374,0,0.49361971500799257,0.5930089341689587
0.34216240187211966,0.5700992157947542,26719,45.39062881469727,54.26311874389648,49.44717672166632,2.1886941324303235,1,0.37189894792522515,0.5456601416933118
0.4098065106908326,0.5834725888802306,14091,42.47199630737305,51.67960739135742,47.053126600922134,2.083112668809367,1,0.37189894792522515,0.5456601416933118
0.47774268787556706,0.6333960389636262,2079,46.68867874145508,51.52070999145508,48.51131170767325,1.4147494587755172,0,0.49361971500799257,0.5930089341689587
