x,y,duration,min_diam,max_diam,mean_diam,std_diam,cluster,x_centroid,y_centroid
0.5605382878489282,0.42605380835454054,770,38.22159957885742,39.57802581787109,38.90429840087891,0.4164585499338223,0,0.5804934966317842,0.4171736561428595
0.5907882916968608,0.5364135483449738,847,39.9884147644043,41.22811126708984,40.5524489662864,0.4041328160111073,2,0.5873980567415055,0.5191825614451637
0.6065108307003195,0.4954009091185273,1001,41.17135620117188,43.44608688354492,41.67862319946289,0.5815342521538871,2,0.5873980567415055,0.5191825614451637
0.6004487054146401,0.4082935039311785,616,39.247779846191406,41.640235900878906,40.41419076919556,0.7689267884832356,0,0.5804934966317842,0.4171736561428595
0.5411969336519596,0.48832608358258817,1078,42.36369705200195,43.348819732666016,43.062578201293945,0.26505457148544387,1,0.5080704823657317,0.4911263676882957
0.48557237997405994,0.4820805301548391,770,40.29674911499024,42.52545166015625,41.87275009155273,0.8151396553656562,1,0.5080704823657317,0.4911263676882957
0.533076498352818,0.4886010747932641,693,41.68834686279297,42.82247924804688,42.261094411214195,0.4418331315946058,1,0.5080704823657317,0.4911263676882957
0.564895047827336,0.5257332268719901,770,42.12636947631836,43.57851791381836,42.40710182189942,0.43704837037730443,2,0.5873980567415055,0.5191825614451637
0.4724361174840893,0.5054977822224915,616,40.49560546875,40.93865203857422,40.74602937698364,0.18930988090857795,1,0.5080704823657317,0.4911263676882957
