x,y,duration,min_diam,max_diam,mean_diam,std_diam,cluster,x_centroid,y_centroid
0.33110744977052803,0.5792544835210683,616,47.0372428894043,47.86355209350586,47.44257211685181,0.2820131512196768,1,0.3242501933104906,0.5983742902385287
0.3417273678807279,0.5481969879672732,770,47.62980270385742,48.44251251220703,48.071973419189455,0.24008687703060883,0,0.3417273678807279,0.5481969879672732
0.31909733822911124,0.6113298431288265,770,47.4327507019043,48.191890716552734,47.806050872802736,0.2514329783430307,1,0.3242501933104906,0.5983742902385287
0.32097659352386704,0.5958304774623034,1001,48.51192855834961,49.516151428222656,49.124830099252556,0.34239486098420185,1,0.3242501933104906,0.5983742902385287
0.32581939171845603,0.6070823568419165,693,48.51613998413086,49.28767395019531,48.80687713623047,0.29431005277388844,1,0.3242501933104906,0.5983742902385287
