x,y,duration,min_diam,max_diam,mean_diam,std_diam,cluster,x_centroid,y_centroid
0.28625642550053176,0.5201957751980972,616,39.03749847412109,39.64523315429688,39.34084606170654,0.21881232314244997,0,0.29300302839787407,0.5058581552358139
0.38613999338955307,0.6609110087396084,693,39.57828140258789,40.19150924682617,39.91115019056532,0.21061441535424408,1,0.35718008642370297,0.6503272545410144
0.27226377485914804,0.48532485664719655,693,34.44834899902344,34.92979431152344,34.686063554551865,0.19037428224417982,0,0.29300302839787407,0.5058581552358139
0.2781019819514054,0.5147594013068322,770,34.21099853515625,35.83757400512695,35.284487915039065,0.5155492671818065,0,0.29300302839787407,0.5058581552358139
0.28461117685119636,0.5552512000125316,847,34.96200942993164,35.890357971191406,35.574552362615414,0.2535017966010638,0,0.29300302839787407,0.5058581552358139
0.2902940708738265,0.4738815537167363,693,37.14142227172852,37.9016227722168,37.54010306464301,0.23337050363117645,0,0.29300302839787407,0.5058581552358139
0.3464907403511362,0.48573614453348934,616,37.93851852416992,38.53131103515625,38.24034643173218,0.1798953110046829,0,0.29300302839787407,0.5058581552358139
0.32822017945785287,0.6397435003424204,693,37.30160140991211,37.894813537597656,37.66970782809787,0.19270745718648238,1,0.35718008642370297,0.6503272545410144
