x,y,duration,min_diam,max_diam,mean_diam,std_diam,cluster,x_centroid,y_centroid
0.535570403393915,0.545759354031785,693,42.72081756591797,43.65028381347656,43.22455978393555,0.34781755249617935,1,0.5362161318300616,0.618009254902842
0.5368618602662081,0.6902591557738988,616,38.75827026367188,45.24520111083984,44.03607654571533,2.175745835572295,1,0.5362161318300616,0.618009254902842
0.42309727243527484,0.32196988332620646,1232,43.66796875,45.19511413574219,44.36092925071716,0.39223080885477246,0,0.44431747177108954,0.36854361270373504
0.44135143073100175,0.3393462036214747,770,43.43168640136719,44.906036376953125,44.1791130065918,0.4607733955896245,0,0.44431747177108954,0.36854361270373504
0.4740298990752647,0.3482432504547427,770,43.9156608581543,44.586761474609375,44.340674591064456,0.19964882171982115,0,0.44431747177108954,0.36854361270373504
0.4112819575476682,0.43654445275160225,616,42.739540100097656,43.576297760009766,43.065823554992676,0.28594432603977227,0,0.44431747177108954,0.36854361270373504
0.43611173413082965,0.3648401069425698,1463,41.1658821105957,43.028316497802734,42.48532124569542,0.5430997718103021,0,0.44431747177108954,0.36854361270373504
0.4800325367064982,0.40031777912581445,770,44.74186325073242,45.28657150268555,45.039512634277344,0.20394675648438954,0,0.44431747177108954,0.36854361270373504
