x,y,duration,min_diam,max_diam,mean_diam,std_diam,cluster,x_centroid,y_centroid
0.48345368003799505,0.4500170210958482,770,42.44425201416016,43.28403091430664,42.95588340759277,0.2601817168549601,0,0.5000077363938629,0.4697718668251331
0.5376913128321641,0.5381774571681546,693,42.07769012451172,42.53218078613281,42.31386481391059,0.14838147439077382,0,0.5000077363938629,0.4697718668251331
0.4788782163114294,0.42112112221139664,693,43.99955749511719,45.21238708496094,44.481376224093964,0.46439543357192525,0,0.5000077363938629,0.4697718668251331
0.6142784060303079,0.4268557754040503,616,43.22721862792969,43.90887069702149,43.6284294128418,0.2444176752021635,1,0.5872367221418091,0.39712108625853176
0.5624689289776352,0.35606361094134475,616,43.268836975097656,43.69612503051758,43.49412250518799,0.14996251264195298,1,0.5872367221418091,0.39712108625853176
0.5849628314174843,0.4084438724302002,693,44.08832931518555,44.434566497802734,44.31959999932183,0.10729991751886074,1,0.5872367221418091,0.39712108625853176
