x,y,duration,min_diam,max_diam,mean_diam,std_diam,cluster,x_centroid,y_centroid
0.43520441614657845,0.7069037032575275,616,39.36432266235352,41.47196960449219,40.18664741516113,0.811096197444693,1,0.4696147657847889,0.6308684894637063
0.4053078242564174,0.5597130686377731,616,40.1541862487793,40.77145004272461,40.37601280212402,0.19152706719441467,0,0.4038528128492918,0.475334932861825
0.4168721070381862,0.4987956367629687,616,35.05921173095703,41.054725646972656,38.84415864944458,1.9335390575165439,0,0.4038528128492918,0.475334932861825
0.38937850725327183,0.36749609318473314,924,40.83316040039063,41.55055236816406,41.296485900878906,0.19214791091673364,0,0.4038528128492918,0.475334932861825
0.46471647970276864,0.5854789086609105,1001,39.03230667114258,39.96450424194336,39.525433173546425,0.28119770481565065,1,0.4696147657847889,0.6308684894637063
0.5089234015050196,0.6002228564726811,1001,39.48800659179688,41.68087768554688,39.9088489825909,0.585447791568285,1,0.4696147657847889,0.6308684894637063
