x,y,duration,min_diam,max_diam,mean_diam,std_diam,cluster,x_centroid,y_centroid
0.6666555253552686,0.3907710002404505,2926,57.72566604614258,68.4271469116211,62.56057618793688,4.6159724637785375,1,0.5517026619688924,0.5363132570790328
0.5305453076033548,0.6518585790060976,693,11.436185836791992,60.84126281738281,43.82654995388455,22.246947455914032,1,0.5517026619688924,0.5363132570790328
0.3968296663630733,0.484911705547758,847,62.77495193481445,63.73033905029297,63.24675750732422,0.31291465744186603,1,0.5517026619688924,0.5363132570790328
0.13276616523663073,0.9840532886712297,847,16.78826141357422,62.00974655151367,42.90583731911399,21.68935340600006,0,0.13276616523663076,0.9840532886712297
0.6885994405066472,0.4405788906587895,693,60.688385009765625,70.54122161865234,65.24367989434137,4.666251322816434,1,0.5517026619688924,0.5363132570790328
0.5960488487159519,0.5712361449051495,1386,59.764495849609375,63.87761306762695,62.51907221476237,1.1073703084083981,1,0.5517026619688924,0.5363132570790328
0.6771463902417145,0.4785094882003894,1540,60.95361328125,70.88829803466797,66.09337749481202,4.294197132107718,1,0.5517026619688924,0.5363132570790328
0.3967522770209083,0.7078612794272773,847,11.783343315124512,62.154747009277344,55.09470011971214,15.223000845324995,1,0.5517026619688924,0.5363132570790328
0.4610438399442207,0.5647789686463507,1155,61.50555038452149,67.79109954833984,65.43516515096029,1.5551917754535802,1,0.5517026619688924,0.5363132570790328
