x,y,duration,min_diam,max_diam,mean_diam,std_diam,cluster,x_centroid,y_centroid
0.5131081531248366,0.882279322328468,693,33.03403854370117,34.36869430541992,34.027676052517364,0.4137104817439405,1,0.43506063808525725,0.8690190871695641
0.5493370203299517,0.2956950991508626,1386,35.93267059326172,37.86225891113281,36.629425048828125,0.5777453032218126,0,0.5190090741766038,0.2701308560633453
0.43280978934235304,0.2846303616191676,770,36.025325775146484,37.63713836669922,37.167171478271484,0.4298708664325822,0,0.5190090741766038,0.2701308560633453
0.3959842566064218,0.8621716512940587,693,33.208553314208984,34.15925216674805,33.7411732143826,0.28788768509964363,1,0.43506063808525725,0.8690190871695641
0.39608950452451336,0.8626062878861658,616,33.83967208862305,34.922119140625,34.3631649017334,0.32455008393228824,1,0.43506063808525725,0.8690190871695641
0.5748804128575067,0.2300671074200057,693,38.18268585205078,39.23234558105469,38.75353240966797,0.31971584438798956,0,0.5190090741766038,0.2701308560633453
