x,y,duration,min_diam,max_diam,mean_diam,std_diam,cluster,x_centroid,y_centroid
0.45046726718765195,0.5905959332018347,14707,39.35052108764648,49.22242736816406,44.45041045343689,3.7634944753900514,0,0.4571705172407238,0.6180221407070778
0.46164764069162506,0.620015458874582,4081,40.12764358520508,42.24538040161133,41.32182758259324,0.5474320386111745,0,0.4571705172407238,0.6180221407070778
0.4629966632539344,0.6234859325871411,25641,41.14134216308594,51.014930725097656,45.77197897971213,4.11058914611281,0,0.4571705172407238,0.6180221407070778
0.47272086402033126,0.5751228457231606,25102,41.76667022705078,53.35886764526367,46.65598756989087,3.9903808015233593,1,0.4717138743796418,0.565541218262327
0.47070688473895234,0.5559595908014934,4774,43.21194839477539,52.85097503662109,47.01092855391964,3.768315729612516,1,0.4717138743796418,0.565541218262327
0.45357049782968356,0.6379912381647533,19173,42.04434967041016,51.718711853027344,46.635372866588426,3.751518807828193,0,0.4571705172407238,0.6180221407070778
