x,y,duration,min_diam,max_diam,mean_diam,std_diam,cluster,x_centroid,y_centroid
0.4127313544107774,0.5699167752347326,16401,40.335880279541016,50.22908782958984,45.70699827883725,3.242384990064144,1,0.44369557332805754,0.5815504838793575
0.4607738823511379,0.7255215709515008,1309,41.47720336914063,49.359012603759766,45.36655695298139,3.670830345944961,0,0.44975858477769187,0.6904389599108416
0.4629074706576439,0.6699133917160828,44583,36.126564025878906,51.78428268432617,45.75594475438146,3.6999527337820064,0,0.44975858477769187,0.6904389599108416
0.4746597922453377,0.5931841925239824,7546,41.93696594238281,54.561824798583984,47.02138636063556,3.882542164179931,1,0.44369557332805754,0.5815504838793575
0.4505716208650518,0.7154407240078093,2618,41.52061080932617,49.3839225769043,45.35426925210392,3.502960376921953,0,0.44975858477769187,0.6904389599108416
0.42478136523693383,0.6508801529679734,20097,41.204925537109375,53.51520919799805,46.30856434321495,3.5516383558806486,0,0.44975858477769187,0.6904389599108416
