x,y,duration,min_diam,max_diam,mean_diam,std_diam,cluster,x_centroid,y_centroid
0.5009885272618678,0.4406309464518735,616,35.999977111816406,36.8882942199707,36.43688631057739,0.3840054260064862,1,0.5519546429238835,0.5211502805242727
0.4852560158733729,0.565113211508558,847,38.43510055541992,40.91710662841797,39.87764531915838,0.726010379710409,0,0.4852560158733729,0.565113211508558
0.5875663945135327,0.5207813210168054,693,40.20763397216797,40.78029251098633,40.46158303154839,0.1665802005532336,1,0.5519546429238835,0.5211502805242727
0.5673090069962501,0.6020385741041391,616,39.78864288330078,40.66213607788086,40.486286640167236,0.283813464436022,1,0.5519546429238835,0.5211502805242727
