x,y,duration,min_diam,max_diam,mean_diam,std_diam,cluster,x_centroid,y_centroid
0.39936279486524606,0.7184834827235013,616,34.189842224121094,34.74251937866211,34.51427221298218,0.18529082050030737,0,0.4426918641517855,0.7617979398085389
0.41229942466324676,0.7781953782771918,616,34.941829681396484,35.40760803222656,35.19278860092163,0.1573385913777369,0,0.4426918641517855,0.7617979398085389
0.4686629019765486,0.7753303154255587,616,34.615333557128906,35.21462631225586,34.96221208572388,0.1798544213955464,0,0.4426918641517855,0.7617979398085389
0.42688305453024306,0.7651459697381441,847,33.9295539855957,35.468048095703125,34.893496079878375,0.411906831957443,0,0.4426918641517855,0.7617979398085389
0.4866425006789848,0.77889419842015,693,35.486473083496094,36.51708221435547,36.17433547973633,0.30143288961673753,0,0.4426918641517855,0.7617979398085389
0.5697832396654832,0.7703736454511347,770,36.03758239746094,36.95348358154297,36.718766403198245,0.26221138713834075,1,0.5500790896127515,0.75064628172928
0.5303749395600199,0.7309189180074255,847,35.26950454711914,36.15484237670898,35.653628609397195,0.28728030356460427,1,0.5500790896127515,0.75064628172928
0.46230050819644397,0.7547382942666876,693,34.19510269165039,35.444602966308594,34.55130174424913,0.37222074291374974,0,0.4426918641517855,0.7617979398085389
