x,y,duration,min_diam,max_diam,mean_diam,std_diam,cluster,x_centroid,y_centroid
0.5899314097170332,0.48244341699790094,1463,42.504032135009766,43.893924713134766,43.1854816235994,0.37613586613851074,1,0.579349100975638,0.47866899742182323
0.38317577198123354,0.6739957189937882,693,37.14781188964844,38.93289566040039,37.88739988538954,0.5173204153259323,0,0.41665342847152875,0.6543810651789207
0.47560073367971256,0.688270181366516,770,37.65155029296875,38.97059631347656,38.28939018249512,0.36606938199625316,0,0.41665342847152875,0.6543810651789207
0.3911837797536402,0.6008772951764579,924,34.371803283691406,38.51960372924805,36.886226971944176,1.2021289655318539,0,0.41665342847152875,0.6543810651789207
0.5387766494204369,0.5082048541704725,847,39.88236999511719,41.61336898803711,41.190308657559484,0.45900235135839856,1,0.579349100975638,0.47866899742182323
0.6093392437894437,0.44535872109709634,847,42.49776458740234,43.33449935913086,42.92962091619318,0.3008322668011604,1,0.579349100975638,0.47866899742182323
