x,y,duration,min_diam,max_diam,mean_diam,std_diam,cluster,x_centroid,y_centroid
0.5249914543584799,0.36452874402979235,847,46.5952262878418,47.663124084472656,47.239084763960406,0.3941434599374671,1,0.5400721157476388,0.4885545440251921
0.474870480518886,0.5781600274690782,847,48.49489974975586,49.24691009521485,48.96598677201705,0.250548052571283,0,0.49179316213617197,0.5735852720042538
0.5135422348324743,0.5010302925394813,770,48.20458984375,49.29571533203125,48.842338180541994,0.3417159767408003,1,0.5400721157476388,0.4885545440251921
0.5115157060666903,0.6281892678247009,1001,48.42087173461914,50.06206893920898,49.376410264235275,0.4678281660959848,0,0.49179316213617197,0.5735852720042538
0.5745264249698434,0.5477461461006102,693,48.98426055908203,50.27143096923828,49.52063284979926,0.39473667693733716,1,0.5400721157476388,0.4885545440251921
0.5472283488297577,0.5409129934308845,616,49.7816276550293,51.60602188110352,50.18433380126953,0.5936561177271192,1,0.5400721157476388,0.4885545440251921
0.49246999507729405,0.5344146819894875,693,50.26896286010742,50.56578826904297,50.42662217881944,0.08522193806251332,0,0.49179316213617197,0.5735852720042538
0.48730289585893644,0.5502125662324597,847,49.88568115234375,50.62788772583008,50.25131884488192,0.2683667151795773,0,0.49179316213617197,0.5735852720042538
0.4928067331590531,0.5769498165055428,616,50.63105010986328,51.78285598754883,51.241297245025635,0.36395033217142514,0,0.49179316213617197,0.5735852720042538
