x,y,duration,min_diam,max_diam,mean_diam,std_diam,cluster,x_centroid,y_centroid
0.4722406362229064,0.3557700347933977,847,43.19404602050781,43.97285842895508,43.580278570001774,0.292096579772207,0,0.4931194743317845,0.44875971880653825
0.3880895416732552,0.5456005373368682,1463,46.87274932861328,47.73924255371094,47.337461170397304,0.29763139114316434,1,0.41149054588784334,0.5433016825231071
0.5269924109914129,0.4610007938241471,1463,47.47323226928711,48.37591171264648,47.78158228020919,0.2138961902086126,0,0.4931194743317845,0.44875971880653825
0.5303794569261056,0.4625310858213458,1001,47.8415641784668,48.99163436889648,48.38033353365385,0.3364414784022833,0,0.4931194743317845,0.44875971880653825
0.49319381696929876,0.47834385017339986,2156,47.80317687988281,49.13058090209961,48.552120617457796,0.4038584703442876,0,0.4931194743317845,0.44875971880653825
0.46415103341759906,0.4669558862015152,693,49.727813720703125,50.06954956054688,49.88735919528537,0.1379641291982955,0,0.4931194743317845,0.44875971880653825
0.47175949146338436,0.46795666202542396,1001,49.5666618347168,51.95718002319336,50.09882970956656,0.5863399788771254,0,0.4931194743317845,0.44875971880653825
0.43489155010243147,0.5410028277093459,616,49.57952117919922,50.17926406860352,49.75988006591797,0.21518647644036332,1,0.41149054588784334,0.5433016825231071
