x,y,duration,min_diam,max_diam,mean_diam,std_diam,cluster,x_centroid,y_centroid
0.41944908839965583,0.5670669152248609,616,51.95248794555664,52.91172409057617,52.456904888153076,0.3477751500676006,1,0.45328007815264426,0.5381578240918636
0.4404810907510184,0.5255437257436513,847,49.18735885620117,50.9234619140625,50.14224832708185,0.5385007035251217,1,0.45328007815264426,0.5381578240918636
0.5492343353508783,0.3594833413016366,1078,49.44416427612305,50.84355163574219,49.941629954746794,0.42582718725402663,0,0.5299162013841527,0.3942416540594537
0.5627203017257465,0.3715676798670954,616,49.35771179199219,49.7260971069336,49.56674528121948,0.11908539534280632,0,0.5299162013841527,0.3942416540594537
0.5046594465824881,0.5581148879344009,616,49.55763244628906,50.555171966552734,50.04855155944824,0.3603325124454442,1,0.45328007815264426,0.5381578240918636
0.4237234357636457,0.5704548250165483,847,50.91680908203125,52.47388458251953,51.785132668235086,0.5428179427939765,1,0.45328007815264426,0.5381578240918636
0.47808732926641334,0.4696087665398571,924,51.31001663208008,53.43404769897461,52.340630531311035,0.6182523472880633,1,0.45328007815264426,0.5381578240918636
0.4777939670758334,0.4516739410096291,847,52.23944854736328,53.213478088378906,52.628209894353695,0.3284954453223566,0,0.5299162013841527,0.3942416540594537
