x,y,duration,min_diam,max_diam,mean_diam,std_diam,cluster,x_centroid,y_centroid
0.47662307033267415,0.42305819878325274,847,47.5852165222168,48.32844543457031,47.924983284690164,0.18514462126705328,0,0.4897708901751763,0.432510200190253
0.5012650237800224,0.41813225474987525,770,47.73274993896485,48.57748794555664,48.290754318237305,0.25027070045539607,0,0.4897708901751763,0.432510200190253
0.4625505988535379,0.5601379565290081,616,48.14083862304688,49.5809326171875,48.81259298324585,0.5492476020666172,1,0.4625505988535379,0.5601379565290081
0.4914245764128324,0.456340147037631,1001,49.259708404541016,50.37841796875,49.975657829871544,0.4092477034721006,0,0.4897708901751763,0.432510200190253
