x,y,duration,min_diam,max_diam,mean_diam,std_diam,cluster,x_centroid,y_centroid
0.4928360398793866,0.36416513447176113,770,34.33951187133789,34.85164260864258,34.610840225219725,0.19254997186596545,1,0.4968060436498454,0.274114426670628
0.602843750986163,0.4864773831239607,616,32.460201263427734,33.55697250366211,32.965911865234375,0.4676754854671686,0,0.45170522935090257,0.5850366738853415
0.5812306967648802,0.6188337852821204,616,32.66594696044922,34.6365852355957,33.4922661781311,0.6695235331293142,0,0.45170522935090257,0.5850366738853415
0.30574453598604656,0.6122605388040976,1232,34.541229248046875,37.06463623046875,36.03288173675537,0.604929372604758,0,0.45170522935090257,0.5850366738853415
0.3170019336665205,0.6225749883311873,847,34.70884323120117,35.787330627441406,35.221948103471235,0.40423317302531164,0,0.45170522935090257,0.5850366738853415
0.4900272277400986,0.2145455127074156,693,36.030155181884766,37.10025024414063,36.6562877231174,0.378340170987904,1,0.4968060436498454,0.274114426670628
0.4855645078200141,0.21784364707137918,693,37.26901626586914,37.91475296020508,37.57497066921658,0.2650069095045514,1,0.4968060436498454,0.274114426670628
0.5187963991598823,0.2999034124319561,616,38.759544372558594,39.14825439453125,38.95247793197632,0.1221198584780106,1,0.4968060436498454,0.274114426670628
