x,y,duration,min_diam,max_diam,mean_diam,std_diam,cluster,x_centroid,y_centroid
0.5842409825319315,-0.24685959165856092,616,42.1964225769043,43.75996780395508,42.944273948669434,0.46783817216100754,0,0.48067084185864006,0.008242773270037584
0.3771007011853486,0.26334513819863603,693,33.6414794921875,34.4208984375,34.14494620429145,0.2529910735452999,0,0.48067084185864006,0.008242773270037584
0.41828625070493586,0.5693652761160651,924,33.195011138916016,35.03998565673828,33.874979972839355,0.46974878434029405,1,0.44822568226462517,0.558359684327525
0.39586424524630454,0.5738800673291052,1155,33.358638763427734,34.407352447509766,33.88460922241211,0.28620841833380883,1,0.44822568226462517,0.558359684327525
0.5305265508426351,0.5318337095374048,616,32.28300094604492,33.44179153442383,32.832919120788574,0.45415103617281716,1,0.44822568226462517,0.558359684327525
