x,y,duration,min_diam,max_diam,mean_diam,std_diam,cluster,x_centroid,y_centroid
0.28404353487274037,0.43486374659947524,1155,39.38603973388672,40.917625427246094,40.148092651367186,0.42205294787472203,0,0.36852852496863564,0.449127693586417
0.24990620274406508,0.5168229596247714,847,39.8373908996582,40.888919830322266,40.31981728293679,0.4366823818739946,0,0.36852852496863564,0.449127693586417
0.24468301802178521,0.5081107393683397,1232,39.60634613037109,40.45452499389648,40.07290077209473,0.290585724490597,0,0.36852852496863564,0.449127693586417
0.5275331268071661,0.3991302770283197,616,36.549564361572266,37.973331451416016,37.359310150146484,0.5109537361193653,0,0.36852852496863564,0.449127693586417
0.5364767423974214,0.3867107453111789,2156,37.508056640625,39.25235748291016,38.35709599086216,0.38752134107636116,0,0.36852852496863564,0.449127693586417
0.6616229709904222,-0.29385136201430423,616,33.25127410888672,34.31266403198242,33.79697561264038,0.34114477266220816,1,0.6628967057909272,-0.2770738055781323
0.6641704405914322,-0.2602962491419602,924,31.25240707397461,33.93946838378906,32.689398447672524,0.7308457321041674,1,0.6628967057909272,-0.2770738055781323
