x,y,duration,min_diam,max_diam,mean_diam,std_diam,cluster,x_centroid,y_centroid
0.4840716103825864,0.48957564746074617,693,51.22964477539063,52.2415657043457,51.80790328979492,0.3220095416410592,1,0.47379937479532297,0.37327283882467843
0.44438780187669563,0.3383349272507722,1001,48.61415481567383,52.18387985229492,50.10080924400916,1.461115590339436,1,0.47379937479532297,0.37327283882467843
0.4643750287815531,0.7145420295177989,1232,47.783599853515625,49.938568115234375,48.722970962524414,0.6574400908700246,0,0.47233845078668785,0.6413804007878743
0.48030187279182257,0.5682187720579496,693,48.16097640991211,49.73149871826172,49.14591259426541,0.5390029205235644,0,0.47233845078668785,0.6413804007878743
0.44909722222424275,0.4997920670596165,1078,49.40264892578125,50.16682815551758,49.81377111162458,0.24425466777642066,1,0.47379937479532297,0.37327283882467843
0.46644071966951445,0.312820053660678,924,50.29476165771485,58.60129928588867,54.07132085164388,3.758048848693955,1,0.47379937479532297,0.37327283882467843
0.4352178653143007,0.22619316342278845,770,57.1358757019043,57.80496597290039,57.417891311645505,0.23811970743558916,1,0.47379937479532297,0.37327283882467843
0.5635810293045979,0.3729211740934691,1078,50.65647888183594,58.864383697509766,55.35614585876465,3.911339495765328,1,0.47379937479532297,0.37327283882467843
