x,y,duration,min_diam,max_diam,mean_diam,std_diam,cluster,x_centroid,y_centroid
0.4143465859882791,0.6160860187900706,616,52.32245635986328,57.31407928466797,55.675265312194824,2.041603049469607,0,0.4075219700508612,0.6325498170317209
0.38812939775325733,0.6391598224893242,1540,50.61720275878906,58.5371322631836,55.705736351013186,2.394939006046549,0,0.4075219700508612,0.6325498170317209
0.4484925005726861,0.6164526042657454,616,52.055912017822266,59.30858612060547,58.10114812850952,2.4575452141262972,0,0.4075219700508612,0.6325498170317209
0.4310017017936118,0.6329887347091466,1155,49.07002639770508,60.22654342651367,57.58642323811849,3.31408904500672,0,0.4075219700508612,0.6325498170317209
0.51392947518228,0.46806845877055386,1155,52.82736587524414,60.78243255615234,56.37367324829101,2.886847176146484,1,0.5149022676549351,0.455498016808815
0.4934993212885965,0.4402120690638179,1232,53.800537109375,60.55059814453125,58.150075912475586,2.225597311080701,1,0.5149022676549351,0.455498016808815
0.5372780064939285,0.4582135225920733,3388,54.08391952514648,56.6392936706543,55.81502827731046,0.5647840765479395,1,0.5149022676549351,0.455498016808815
0.35563966414647163,0.6580619049043175,616,57.481407165527344,58.88813400268555,58.291831970214844,0.41993737960466304,0,0.4075219700508612,0.6325498170317209
