x,y,duration,min_diam,max_diam,mean_diam,std_diam,cluster,x_centroid,y_centroid
0.9109233602187627,0.7735789633505243,616,56.18311309814453,57.47478485107422,56.74095678329468,0.385792703245763,1,0.6268693414417537,0.5581082388357196
0.5158386907421522,0.5120044194888707,1078,32.11854934692383,59.2733154296875,54.17900357927595,7.357190965036772,1,0.6268693414417537,0.5581082388357196
-0.29325501472476556,0.967817987715658,616,32.57152557373047,57.12007141113281,53.35636854171753,8.408195487423406,0,-0.29325501472476556,0.967817987715658
0.7855981385033299,0.6810761139825225,616,55.574684143066406,56.63544464111328,56.115487575531006,0.39353061108754217,1,0.6268693414417537,0.5581082388357196
0.541613226083745,0.3816832517624995,616,52.38358688354492,59.922698974609375,55.93434810638428,3.0466848757709437,1,0.6268693414417537,0.5581082388357196
0.5167608137590852,0.3544373729614542,924,53.74647903442383,58.70980072021485,56.25511105855306,2.2912853992582236,1,0.6268693414417537,0.5581082388357196
0.49048181934344737,0.6458693114684465,693,49.16742706298828,57.5119743347168,54.89677429199219,3.529929717714145,1,0.6268693414417537,0.5581082388357196
