x,y,duration,min_diam,max_diam,mean_diam,std_diam,cluster,x_centroid,y_centroid
0.6175918263291578,0.44785017402653693,616,40.940189361572266,42.14093399047852,41.28533172607422,0.37765674382050635,0,0.6259544397015351,0.4476036858010307
0.6343170530739124,0.4473571975755245,770,41.49236679077149,42.6005744934082,42.08217811584473,0.33345825558557524,0,0.6259544397015351,0.4476036858010307
0.5288318336267196,0.5433430629294425,1078,39.97465515136719,46.68829727172852,43.29704311915806,3.028530878853318,1,0.532065696176032,0.5660725700048488
0.53221799817606,0.5348814664278849,1001,39.58835983276367,47.99871063232422,43.9806407048152,3.8116807406546203,1,0.532065696176032,0.5660725700048488
0.5351472567253166,0.619993180657219,616,47.78213119506836,48.19089889526367,48.012746810913086,0.14830468334812538,1,0.532065696176032,0.5660725700048488
