x,y,duration,min_diam,max_diam,mean_diam,std_diam,cluster,x_centroid,y_centroid
0.30684333053656176,0.5029738340859667,1001,48.01519012451172,49.86351776123047,48.59455754206731,0.5455998256146763,0,0.34633502503830266,0.5235395393170873
0.2739190718007098,0.4950588120958298,616,46.20246124267578,48.6195068359375,47.17656707763672,0.8824238954536064,0,0.34633502503830266,0.5235395393170873
0.3298067616272102,0.4801956617583624,847,46.25996017456055,47.39781951904297,46.837311484596945,0.32618467615711305,0,0.34633502503830266,0.5235395393170873
0.016584093404202485,0.7798628738274374,616,48.724266052246094,49.15976333618164,48.951552867889404,0.16336081958823556,1,0.01658409340420247,0.7798628738274374
0.4556711407945664,0.5682267683032043,616,52.13091278076172,53.359405517578125,52.79170751571655,0.4565353853366774,0,0.34633502503830266,0.5235395393170873
0.36543482043246517,0.5712426203420734,1078,52.07258605957031,52.54235458374024,52.31017875671387,0.14433671074822002,0,0.34633502503830266,0.5235395393170873
