x,y,duration,min_diam,max_diam,mean_diam,std_diam,cluster,x_centroid,y_centroid
0.37703073889683725,0.5336954628073958,616,48.219268798828125,48.90135955810547,48.42896318435669,0.2053693527391444,0,0.37703073889683725,0.5336954628073958
0.24637254723276564,0.8365882693123478,770,49.98517608642578,51.423152923583984,50.698492431640624,0.5358693666349204,1,0.14841995457280613,0.8033961733092171
0.14384370651056205,0.8165940865579565,616,40.27314376831055,41.67124176025391,41.15663194656372,0.47004179903530896,1,0.14841995457280613,0.8033961733092171
0.05504360997509069,0.7570061640573469,616,41.03662109375,42.853065490722656,41.92903232574463,0.6489954502102641,1,0.14841995457280613,0.8033961733092171
