x,y,duration,min_diam,max_diam,mean_diam,std_diam,cluster,x_centroid,y_centroid
0.1863308577672521,0.9094845909661972,770,47.38682174682617,48.62524032592773,47.97376174926758,0.40260413292973546,0,0.16101475550610214,0.9591785029406596
0.36798814768354005,0.6643954282065849,616,44.26860046386719,45.08154678344727,44.63500690460205,0.2907796911385073,1,0.36798814768354005,0.6643954282065849
0.1899929233748422,0.9792985065949509,847,43.9073600769043,45.34273910522461,44.69316447864879,0.3777355610398612,0,0.16101475550610214,0.9591785029406596
0.2197747677900651,0.9148683233361194,693,50.990020751953125,52.784461975097656,51.6932618882921,0.6068854314332836,0,0.16101475550610214,0.9591785029406596
0.09762576527617878,1.0079726525940411,693,49.29112243652344,51.04174041748047,50.32067192925347,0.6136784768296315,0,0.16101475550610214,0.9591785029406596
0.1352619943110276,0.993689254676167,693,46.32625198364258,48.76641082763672,47.797066582573784,0.7422539821650701,0,0.16101475550610214,0.9591785029406596
0.13710222451724707,0.9497576894764822,693,47.51936721801758,49.26346206665039,48.35567304823134,0.5325001279141258,0,0.16101475550610214,0.9591785029406596
