x,y,duration,min_diam,max_diam,mean_diam,std_diam,cluster,x_centroid,y_centroid
0.41121791800873375,0.8942660694250193,616,43.24485778808594,44.55367660522461,43.744431018829346,0.40459230005362135,2,0.4130051896969248,0.9491494438486362
0.4147924613851158,1.004032818272253,616,41.9267807006836,42.55434799194336,42.11438846588135,0.24741568873322137,2,0.4130051896969248,0.9491494438486362
0.4595937613016398,0.7625465578223912,924,42.62069320678711,43.90632629394531,43.241382916768394,0.4349306625107115,1,0.46422399157106004,0.7317996330095152
0.3948938834994999,0.477914572169872,770,39.909324645996094,41.19793701171875,40.503570556640625,0.4091229914345435,0,0.4136598799543198,0.4666337273160319
0.4417613411990313,0.4734641013853034,924,41.57930755615234,42.8966178894043,42.34283256530762,0.5116408427828932,0,0.4136598799543198,0.4666337273160319
0.4043244151644282,0.4485225083929203,1001,39.45869445800781,42.04793548583984,40.03201675415039,0.6789532392106234,0,0.4136598799543198,0.4666337273160319
0.43205035465135105,0.654581378128063,1155,42.57415771484375,43.99669647216797,43.022927347819014,0.3605565377355639,1,0.46422399157106004,0.7317996330095152
0.48583606263872664,0.7829697535260143,616,42.719947814941406,44.17526245117188,43.49625492095947,0.49475078524922256,1,0.46422399157106004,0.7317996330095152
0.47941578769252263,0.7271008425615925,693,44.03767013549805,44.97356033325195,44.43890847100152,0.3184536473440595,1,0.46422399157106004,0.7317996330095152
