x,y,duration,min_diam,max_diam,mean_diam,std_diam,cluster,x_centroid,y_centroid
0.5341692595661611,0.42250043400923987,693,44.60639572143555,45.02120590209961,44.8174671596951,0.14824783623662208,2,0.5274837542530684,0.4635530739245179
0.5201795879929068,0.44193491435043936,693,43.9257926940918,44.29875564575195,44.15489069620768,0.12401482424174048,2,0.5274837542530684,0.4635530739245179
0.550123438641259,0.458472233875618,616,43.72142028808594,45.58576202392578,44.21186971664429,0.5961887063666572,2,0.5274837542530684,0.4635530739245179
0.46526002760677465,0.4792106738389979,616,38.019168853759766,40.30618667602539,39.4089469909668,0.750870412194118,2,0.5274837542530684,0.4635530739245179
0.32126872681417434,0.35202905973050996,770,41.57054901123047,43.0549430847168,42.26786003112793,0.47898562240900283,0,0.3096995068219897,0.46419369909515973
0.5158646252064576,0.17035299917156438,616,42.63941192626953,43.97699737548828,43.26993179321289,0.5462862847671683,1,0.5286512625741204,0.15611153862551427
0.5414378999417834,0.1418700780794642,847,43.77571868896485,44.97138214111328,44.37954989346591,0.46202064571065243,1,0.5286512625741204,0.15611153862551427
0.5676864574582405,0.5156471135482944,1463,42.577632904052734,43.86091232299805,43.31928996035927,0.40855987719333425,2,0.5274837542530684,0.4635530739245179
0.2981302868298051,0.5763583384598095,693,36.30704116821289,40.30054473876953,38.44858847724067,1.361527427142748,0,0.3096995068219897,0.46419369909515973
