x,y,duration,min_diam,max_diam,mean_diam,std_diam,cluster,x_centroid,y_centroid
0.4794774562148645,0.7828688295438395,616,25.41842269897461,25.97063064575196,25.70103621482849,0.21396272295263075,1,0.4497916986572148,0.7599361927618036
0.545223884300783,0.804389546378816,847,25.11686897277832,26.447751998901367,25.775317452170633,0.44579867696300735,1,0.4497916986572148,0.7599361927618036
0.4442849543790836,0.4624701809235521,693,26.195106506347656,27.005163192749023,26.486326217651367,0.2949447990752734,0,0.4442849543790836,0.4624701809235521
0.42336180693223247,0.7113466620482369,693,25.16322135925293,26.38237190246582,25.695169024997288,0.3553561118460621,1,0.4497916986572148,0.7599361927618036
0.6085654111381031,0.7699770435018104,924,24.887252807617188,26.64991950988769,25.777445316314697,0.4333923550205605,1,0.4497916986572148,0.7599361927618036
0.26772623491570124,0.7811930135374587,616,26.06346321105957,27.528833389282227,26.75952172279358,0.47292493396164914,1,0.4497916986572148,0.7599361927618036
0.37439539844160447,0.7098420615606597,770,25.822792053222656,26.873573303222656,26.35118999481201,0.3730079362433868,1,0.4497916986572148,0.7599361927618036
