x,y,duration,min_diam,max_diam,mean_diam,std_diam,cluster,x_centroid,y_centroid
0.4128586379273043,0.7585289884812177,693,25.579391479492188,26.24736976623535,25.895417107476128,0.2787494261106954,2,0.36137550254823586,0.743956370799092
0.34373483940367033,0.7441723509914091,616,25.16497230529785,26.39152908325196,25.711522102355957,0.5098057716026434,2,0.36137550254823586,0.743956370799092
0.35107621831267044,0.6521854007262909,616,24.136415481567383,25.254150390625,24.88057780265808,0.4066159178937123,0,0.3378840251710976,0.6526115321435816
0.34971277376163623,0.6653494846145627,1078,24.19385528564453,25.495677947998047,24.742633955819265,0.41360420231223705,0,0.3378840251710976,0.6526115321435816
0.31286308343898617,0.6402997110898911,616,24.542272567749023,25.991025924682617,25.24188494682312,0.5265970232836938,0,0.3378840251710976,0.6526115321435816
0.2183917387368361,0.6564145269316262,616,25.16193580627441,27.958717346191406,26.517276287078857,0.8634571679872954,1,0.2071284278436488,0.7161453911051073
0.21114756592174724,0.7521005279091241,693,26.01651954650879,27.8105525970459,26.57198143005371,0.6950763835280932,1,0.2071284278436488,0.7161453911051073
0.19184597887236304,0.7399211184745716,616,25.884498596191406,29.30642318725586,27.59101939201355,1.1298058671053655,1,0.2071284278436488,0.7161453911051073
0.327533030313733,0.7291677729246494,616,25.59244537353516,27.02837562561035,26.431162357330322,0.528239397289083,2,0.36137550254823586,0.743956370799092
