x,y,duration,min_diam,max_diam,mean_diam,std_diam,cluster,x_centroid,y_centroid
0.4003587742572992,0.7794444806363818,616,24.914596557617188,25.90682601928711,25.360579252243042,0.33005420755709963,1,0.3988888359127206,0.7766410583346116
0.284883804494882,0.8492772199935757,924,24.59887313842773,26.33736801147461,25.377307732899983,0.5633306798596388,0,0.284883804494882,0.8492772199935757
0.408202269058284,0.7743024681887937,693,24.906871795654297,26.15192413330078,25.567131678263348,0.35026584206060773,1,0.3988888359127206,0.7766410583346116
0.3881054644225786,0.7761762261786593,770,23.95570182800293,26.80421638488769,25.540959548950195,0.857593415959051,1,0.3988888359127206,0.7766410583346116
