x,y,duration,min_diam,max_diam,mean_diam,std_diam,cluster,x_centroid,y_centroid
0.5169539966061767,0.596769248110752,847,26.58590316772461,27.60504913330078,27.092111414129082,0.31267003792905107,1,0.40291533597086443,0.6600002493868311
0.3118856825038986,0.8095404924416977,616,26.01555633544922,27.55286979675293,26.67104983329773,0.5679459746415464,0,0.3350560977418088,0.8543155230887466
0.26239651087757593,0.835533584564913,616,25.96853256225586,27.21084213256836,26.63965082168579,0.44932317676427164,0,0.3350560977418088,0.8543155230887466
0.3547718446859488,0.8640997102435528,616,25.862768173217773,28.312862396240234,27.03709864616394,0.9132998260173509,0,0.3350560977418088,0.8543155230887466
0.4111703528998117,0.908088305104823,693,26.48631477355957,28.146907806396484,27.363096237182617,0.5251886002866101,0,0.3350560977418088,0.8543155230887466
0.28887667533555217,0.72323125066291,693,25.724496841430664,26.433683395385746,26.07358635796441,0.20526084883630175,1,0.40291533597086443,0.6600002493868311
