x,y,duration,min_diam,max_diam,mean_diam,std_diam,cluster,x_centroid,y_centroid
0.3081894434688126,0.8378549071010541,616,25.680912017822266,26.904312133789062,26.400136470794678,0.41006751133833547,0,0.3318579849264668,0.81150523626194
0.3104848223289315,0.8438096611565802,616,26.430753707885746,27.509923934936523,26.975636959075928,0.42386925670283276,0,0.3318579849264668,0.81150523626194
0.5205606849542608,0.829342230091598,616,26.549882888793945,27.86809730529785,27.25149965286255,0.49301514832139404,1,0.5191060852839888,0.7229382400108727
0.37689968898165627,0.7528511405281857,1463,25.87510299682617,28.00600242614746,26.845692985936214,0.5871440148740619,0,0.3318579849264668,0.81150523626194
0.5307792177597304,0.6729269329975172,616,26.77416610717773,28.45784568786621,27.315035104751587,0.5589976530257491,1,0.5191060852839888,0.7229382400108727
0.5363619242558879,0.6852049110919748,1540,25.88353538513184,27.65130424499512,27.06578607559204,0.4717715151965231,1,0.5191060852839888,0.7229382400108727
0.48872251416607626,0.704278885862401,616,27.4758529663086,28.63337135314941,28.075883150100708,0.43644516090030383,1,0.5191060852839888,0.7229382400108727
