x,y,duration,min_diam,max_diam,mean_diam,std_diam,cluster,x_centroid,y_centroid
0.35983613918311114,0.7272586781306977,693,22.5949764251709,24.5634708404541,23.681989881727432,0.6121666027145425,0,0.37718575889107014,0.7785870068397057
0.4140504511028591,0.7904380380374947,616,24.01026153564453,25.5715389251709,24.63883352279663,0.5079665962501303,0,0.37718575889107014,0.7785870068397057
0.37499419421662505,0.7564905667347325,693,24.3098373413086,26.61067771911621,25.72842576768663,0.6896669602009239,0,0.37718575889107014,0.7785870068397057
0.41515929258277307,0.7967906708355805,693,24.520427703857425,25.56287384033203,25.168716854519314,0.36905993810039733,0,0.37718575889107014,0.7785870068397057
0.2824491331514184,0.7102313600234181,770,23.575443267822266,26.224443435668945,25.49395160675049,0.7885597847346953,1,0.3147692229086675,0.6967774257154523
0.3490492241479933,0.8333040667290489,924,26.3492374420166,27.913928985595703,27.15450398127238,0.37005994241620976,0,0.37718575889107014,0.7785870068397057
0.3500252521130591,0.7672400205706803,1001,25.262969970703125,26.36006546020508,25.841998173640324,0.3768911741331951,0,0.37718575889107014,0.7785870068397057
0.3470893126659166,0.6833234914074865,770,26.00694465637207,26.984346389770508,26.545639038085938,0.2619781453190662,1,0.3147692229086675,0.6967774257154523
