x,y,duration,min_diam,max_diam,mean_diam,std_diam,cluster,x_centroid,y_centroid
0.40611145338586957,0.5378106500603558,1386,24.340652465820312,26.063282012939453,25.28666157192654,0.5029408865215309,0,0.45105085411787094,0.5390094035924222
0.5252906111197132,0.60270417116179,770,26.083351135253903,27.374696731567383,26.6631778717041,0.4376709110855002,1,0.5618746706707697,0.6560317877648354
0.5174345483443631,0.4951663763057159,616,25.512422561645508,26.536788940429688,26.00409507751465,0.34294240209087223,0,0.45105085411787094,0.5390094035924222
0.41285671852184824,0.4662815138797032,616,23.88877487182617,25.20005798339844,24.566734075546265,0.4960913522884584,0,0.45105085411787094,0.5390094035924222
0.6021608094081262,0.6779588440219092,693,25.21486473083496,26.91132354736328,26.24798795912001,0.5495996268708726,1,0.5618746706707697,0.6560317877648354
0.5581725914844697,0.6874323481108069,847,26.277681350708008,27.983407974243164,27.104900706898082,0.5804842362260618,1,0.5618746706707697,0.6560317877648354
0.48686326811941244,0.5955933610582229,847,27.199838638305664,29.00641250610352,28.02837510542436,0.5443865915403109,0,0.45105085411787094,0.5390094035924222
0.43198828221786123,0.6001951166581132,693,26.12931632995605,26.89781188964844,26.445493698120117,0.2887327419479038,0,0.45105085411787094,0.5390094035924222
