x,y,duration,min_diam,max_diam,mean_diam,std_diam,cluster,x_centroid,y_centroid
0.18529617162448553,0.6577700821320747,693,40.9439299056714,43.27985686337784,41.77055590716434,0.7507933906007401,0,0.18490116762317607,0.555991623196396
0.2515703071666229,0.4427590470206828,693,44.36154185175374,46.11044411407234,45.42582910569843,0.5762553361690315,0,0.18490116762317607,0.555991623196396
0.2604441492034001,0.6832983109777129,616,40.75278076400707,42.27613039649434,41.52468735793251,0.5532599130684944,1,0.3314524913648902,0.6883139781976046
0.15121087862780308,0.552723120038318,1078,41.24352585918323,41.86802910308592,41.54549420586651,0.16473418182488744,0,0.18490116762317607,0.555991623196396
0.27451576329224797,0.6861042488730502,2002,45.46396351631119,46.565154186393016,46.08062091584438,0.2869890445311562,1,0.3314524913648902,0.6883139781976046
0.32140609270785714,0.7538043182062995,693,42.93798971214539,44.21433810128124,43.60619657559184,0.49357427519233943,1,0.3314524913648902,0.6883139781976046
0.15152731307379277,0.5707142435945083,770,43.63236860043288,44.35571777807056,44.09392881425537,0.20028578906330677,0,0.18490116762317607,0.555991623196396
0.41658210145705155,0.7161717712993474,1001,43.49999137425464,45.59944888754261,44.48949711130648,0.660927284191657,1,0.3314524913648902,0.6883139781976046
0.38431435016389426,0.6021912416316131,1078,43.70544415020469,44.65883196541826,44.10399639080292,0.2864052589712854,1,0.3314524913648902,0.6883139781976046
