x,y,duration,min_diam,max_diam,mean_diam,std_diam,cluster,x_centroid,y_centroid
0.4270262709140039,0.4986645308496327,616,57.58853708366443,58.35606695668323,58.039167738544066,0.266865311562972,1,0.38205274202227857,0.5283403052309503
0.4253600672668726,0.21389382108603178,616,61.22165561421439,64.39618416670676,63.363327158085,1.1734382081273687,0,0.42998081097979857,0.17541228586377242
0.4346015546927245,0.13693075064151305,847,62.54765000976992,63.73450465825167,63.191410467214276,0.3833092133041819,0,0.42998081097979857,0.17541228586377242
0.3370792131305532,0.5580160796122681,693,55.41952148644142,57.54425021812615,56.62034325670921,0.651657521907233,1,0.38205274202227857,0.5283403052309503
