x,y,duration,min_diam,max_diam,mean_diam,std_diam,cluster,x_centroid,y_centroid
0.5138463326542514,0.5021700282672386,616,56.05518872597841,58.13438950316647,57.23789401918898,0.6561703035341421,1,0.5298925911074825,0.4047420303883358
0.775163676685866,0.3359467458734824,770,49.828762929739526,51.83359863504917,51.132786084156095,0.6700156979463109,0,0.7199462023557497,0.24187311962882993
0.6647287280256332,0.14779949338417747,616,52.81398152417353,53.83065782856764,53.35286056447572,0.3615157802517038,0,0.7199462023557497,0.24187311962882993
0.5375946436955225,0.3219987723941791,1155,55.30216463083011,57.36294858859269,56.32204779819813,0.7420228535785383,1,0.5298925911074825,0.4047420303883358
0.5382367969726737,0.3900572905035898,693,54.082850518217306,54.941333974226,54.478483935453,0.2779937371247865,1,0.5298925911074825,0.4047420303883358
