x,y,duration,min_diam,max_diam,mean_diam,std_diam,cluster,x_centroid,y_centroid
0.4681004702658485,0.49691446291535063,1078,54.79034264874357,56.01669990173053,55.48894482050519,0.46213288777083134,0,0.4836197339342516,0.49735283811994174
0.5857433724317465,0.5667456956036757,770,53.994709826542646,54.83423658264636,54.28143776018453,0.24075644766254822,0,0.4836197339342516,0.49735283811994174
0.5608665763923703,0.5537891077054783,693,54.677396565175336,55.52153034579351,55.0332504789493,0.29584577085139585,0,0.4836197339342516,0.49735283811994174
0.6107516628717177,0.4834371477575352,616,53.865349734285566,55.279012861377055,54.39063650850886,0.5690678650001363,0,0.4836197339342516,0.49735283811994174
0.28463151043755697,0.4031328140126933,693,55.56995041702167,56.39601392590325,55.94888604431511,0.2882669637187762,0,0.4836197339342516,0.49735283811994174
0.39162481120627,0.48009780072491726,616,56.07827725917725,56.86006446708464,56.388899961409656,0.28822691246236976,0,0.4836197339342516,0.49735283811994174
0.6676846518610151,0.18717056412188113,693,56.31528841350563,56.731326857973855,56.437720351793764,0.12567696469759865,1,0.6676846518610151,0.1871705641218811
