x,y,duration,min_diam,max_diam,mean_diam,std_diam,cluster,x_centroid,y_centroid
0.3931223539771571,0.4217980122943753,693,30.516828536987305,31.22178840637207,30.907717598809135,0.24604337408903074,1,0.3685891110823145,0.40768615617396586
0.5535792703872496,0.5088241752514087,1232,32.506134033203125,34.75490951538086,33.32396650314331,0.5834372338112909,0,0.5031477129461427,0.4885292025440485
0.40527041697536953,0.4295389258125464,616,31.0792236328125,31.5227165222168,31.318909645080566,0.1777877792416503,1,0.3685891110823145,0.40768615617396586
0.32736503069888667,0.3712443443590699,616,31.38672065734864,32.094242095947266,31.76576852798462,0.24237430008103691,1,0.3685891110823145,0.40768615617396586
0.4527161555050357,0.4682342298366884,693,32.63474655151367,33.31768035888672,33.02239863077799,0.28545678825497894,0,0.5031477129461427,0.4885292025440485
0.34859864267784463,0.40816334222987183,693,29.86498641967773,31.193754196166992,30.591704898410374,0.41025092114081096,1,0.3685891110823145,0.40768615617396586
