x,y,duration,min_diam,max_diam,mean_diam,std_diam,cluster,x_centroid,y_centroid
0.28948972561329256,0.3979028967815359,616,27.15476417541504,28.129806518554688,27.679786920547485,0.35768550802488147,1,0.3118709817662745,0.37737786470202517
0.21631704355601516,0.34046864682029265,616,28.97715377807617,30.12338256835937,29.510787963867188,0.3636495731232667,0,0.21631704355601516,0.34046864682029265
0.350849841603734,0.463845071682685,616,27.31844711303711,30.140363693237305,28.572474002838135,0.8901958519761668,1,0.3118709817662745,0.37737786470202517
0.29176556925081587,0.32203691170131904,693,30.56709289550781,32.06884002685547,31.456236945258247,0.47676585050041936,1,0.3118709817662745,0.37737786470202517
0.31537879059725554,0.3257265786425607,924,31.577205657958984,33.172061920166016,32.63722769419352,0.5747416041973643,1,0.3118709817662745,0.37737786470202517
