x,y,duration,min_diam,max_diam,mean_diam,std_diam,cluster,x_centroid,y_centroid
0.41815168594708685,0.40251972130085034,616,30.553220748901367,32.51551055908203,31.623924493789673,0.7457683090216402,0,0.4107163769245379,0.3942368801311448
0.403281067901989,0.3859540389614392,1001,28.64257431030273,32.86627197265625,30.35347659771259,1.3196979555760313,0,0.4107163769245379,0.3942368801311448
0.3800218377644881,0.35217747019966467,847,33.401329040527344,34.284263610839844,33.959866957231,0.2629460866081204,1,0.38776623019683376,0.3555571709492117
0.39551062262917946,0.3589368716987587,693,34.34559631347656,35.539188385009766,35.057067447238495,0.4340204318753818,1,0.38776623019683376,0.3555571709492117
