x,y,duration,min_diam,max_diam,mean_diam,std_diam,cluster,x_centroid,y_centroid
0.31495966972043027,0.35888758408635263,770,31.429542541503903,32.78644561767578,32.267062950134275,0.4746661764324282,0,0.31495966972043027,0.35888758408635263
0.4614546693154049,0.43395073444229604,693,30.43154525756836,31.968944549560547,31.117636150783962,0.6231199171075285,1,0.4347200376899243,0.4740658924572944
0.4189250595387151,0.5007131870942467,693,29.963762283325195,30.824277877807617,30.38637203640408,0.323187687165429,1,0.4347200376899243,0.4740658924572944
0.42378038421565284,0.48753375583534053,616,29.17011070251465,30.38398551940918,29.832662343978882,0.48226571071875857,1,0.4347200376899243,0.4740658924572944
