x,y,duration,min_diam,max_diam,mean_diam,std_diam,cluster,x_centroid,y_centroid
0.42698512091870566,0.37070733058439415,616,31.771461486816406,34.4565315246582,33.02471685409546,0.9538282930614752,1,0.40795447666595375,0.405375876892625
0.3952809146753209,0.38769067494382736,847,33.294227600097656,34.2271728515625,33.75996711037376,0.3044492753238075,1,0.40795447666595375,0.405375876892625
0.3224886479041319,0.34473955010629986,616,31.914682388305664,32.74436950683594,32.40631413459778,0.2745443571874304,2,0.31791660981004927,0.3376891276327388
0.3011339843727514,0.44580545551227513,770,32.321006774902344,32.82033920288086,32.534053802490234,0.15352280101285987,0,0.3011339843727514,0.44580545551227513
0.3034856285400089,0.32937140871609855,847,32.74669647216797,33.80464172363281,33.388063257390804,0.42896440717959555,2,0.31791660981004927,0.3376891276327388
0.327775552986007,0.338956424075818,770,32.872005462646484,33.690818786621094,33.301218032836914,0.242301088823478,2,0.31791660981004927,0.3376891276327388
0.3875429297184869,0.42014795511754527,847,31.0236873626709,33.90143966674805,32.382685054432265,0.8965675965962069,1,0.40795447666595375,0.405375876892625
0.37653362079464736,0.40850887055982377,1771,29.2005558013916,30.865392684936523,30.022898383762527,0.5248406744886487,1,0.40795447666595375,0.405375876892625
0.4534297972226078,0.43982455325753445,693,30.324670791625977,31.894630432128903,31.081338034735786,0.6031489508755972,1,0.40795447666595375,0.405375876892625
