x,y,duration,min_diam,max_diam,mean_diam,std_diam,cluster,x_centroid,y_centroid
0.4918437255572099,0.5754554227975155,11088,27.762319564819336,34.22874069213867,31.030165553092957,1.505871102936385,0,0.5230746766912714,0.5691082024825811
0.4779134779559033,0.5338767945807615,26103,26.57107162475586,34.65461349487305,30.899853776689827,1.7160320503908117,0,0.5230746766912714,0.5691082024825811
0.5306619721349661,0.5871477126160651,12397,28.239091873168945,34.63590240478516,32.07653070532757,1.7289015713148452,0,0.5230746766912714,0.5691082024825811
0.5658444758008894,0.6092543895883731,6237,30.20711898803711,33.75333404541016,32.02622547856084,0.863012637710285,0,0.5230746766912714,0.5691082024825811
0.6233166878650959,0.5900300360509918,3465,32.05339431762695,34.09855270385742,33.02232191297743,0.4909869595640302,0,0.5230746766912714,0.5691082024825811
0.4561199954047112,0.4992251623727441,11704,29.3398494720459,35.75709915161133,33.23300804589924,1.4973919347004603,0,0.5230746766912714,0.5691082024825811
0.4908908632542551,0.5855888321242065,9086,31.081418991088867,35.56230926513672,33.29301885831154,1.1356236701545375,0,0.5230746766912714,0.5691082024825811
0.5480062155571401,0.5722872697299913,16170,27.661754608154297,35.423492431640625,32.91443043663388,1.8383048232292425,0,0.5230746766912714,0.5691082024825811
0.5315909666753565,0.13723929155194253,770,30.159025192260746,34.35539245605469,32.261325645446775,1.6919190468678489,1,0.5315909666753565,0.13723929155194253
