x,y,duration,min_diam,max_diam,mean_diam,std_diam,cluster,x_centroid,y_centroid
0.38539559397697093,0.5370756015143452,770,34.77908706665039,36.70837020874024,36.231371307373045,0.5613707985001959,2,0.38539559397697093,0.5370756015143452
0.4588227531776757,0.5963892635813878,693,38.52199172973633,39.22710800170898,38.877808464898,0.23551542786298071,0,0.4589270695506434,0.5817217372936271
0.4552482595862656,0.5742736396997338,693,37.674049377441406,38.74193954467773,38.410436418321396,0.3039614782985165,0,0.4589270695506434,0.5817217372936271
0.46544460633683826,0.597274250092815,1001,38.552616119384766,39.25030517578125,38.94830645047701,0.2283090454060384,0,0.4589270695506434,0.5817217372936271
0.457084530898324,0.5798542007944383,770,35.946136474609375,38.201393127441406,37.207387161254886,0.7577819234209061,0,0.4589270695506434,0.5817217372936271
0.4402610874572967,0.5044733843816347,1232,39.1130485534668,40.21931076049805,39.819414138793945,0.2704662647894179,1,0.45030706621435057,0.5220763905955322
0.4580351977541134,0.5608173322997604,693,39.29315948486328,40.11299133300781,39.7833366394043,0.28800179851659935,0,0.4589270695506434,0.5817217372936271
0.4473611720539905,0.540805284589627,924,38.41897964477539,38.90006637573242,38.60190963745117,0.15197105448719495,1,0.45030706621435057,0.5220763905955322
0.46329893913176456,0.5209505028153351,2541,39.999786376953125,41.46692657470703,40.814482833399914,0.39021742521197994,1,0.45030706621435057,0.5220763905955322
