x,y,duration,min_diam,max_diam,mean_diam,std_diam,cluster,x_centroid,y_centroid
0.3800214635364143,0.9317384274466306,770,40.06934356689453,42.53505706787109,41.46873435974121,0.773359759315699,0,0.3563182623526636,0.9722293067612401
0.3712740175174567,1.1138943311459155,847,33.80691909790039,36.65664291381836,35.0627476085316,1.0212535030841854,0,0.3563182623526636,0.9722293067612401
0.43990905175841916,0.8955296261883727,770,39.94783401489258,42.7493896484375,41.78067626953125,0.8605617075812161,0,0.3563182623526636,0.9722293067612401
0.40065837194446186,0.5411290753223114,924,41.6917724609375,42.840850830078125,42.21336841583252,0.3051793033618771,1,0.40065837194446186,0.5411290753223114
0.23406851659836433,0.9477548422640416,1540,36.48847198486328,44.75680160522461,40.87490673065186,1.6208763038937286,0,0.3563182623526636,0.9722293067612401
