x,y,duration,min_diam,max_diam,mean_diam,std_diam,cluster,x_centroid,y_centroid
0.30917320783827384,0.3540279789629029,1232,50.402976262050025,51.53811856579206,50.929293269468474,0.3292111900474141,0,0.3316816406931832,0.5960936949463514
0.6036983455998355,0.6898419735869643,616,52.71981449302753,53.68301440434256,53.20488621162835,0.35113431712556986,1,0.6096512286585952,0.8483172363334143
0.3541900735480925,0.8381594109298001,616,51.278376761482,52.873970852002266,52.14018878361354,0.5371280577724579,0,0.3316816406931832,0.5960936949463514
0.6344760321077716,0.8322521775172697,616,52.34738950966743,54.02621619677056,52.99437079907128,0.5355346112175059,1,0.6096512286585952,0.8483172363334143
0.6245523914503954,0.9055646684946005,770,51.38603104217818,53.4119846552235,52.88081241762852,0.6031450598269393,1,0.6096512286585952,0.8483172363334143
0.5997487084529936,0.8742314820010879,847,52.20742853512577,53.99979538665761,53.147808260480424,0.584077665418213,1,0.6096512286585952,0.8483172363334143
0.571679375464867,0.8804393697048611,616,52.123326998155626,53.08657286284518,52.71489916058812,0.32808327892526246,1,0.6096512286585952,0.8483172363334143
0.6237525188757083,0.9075737466957019,693,53.25686540020427,55.33984385353875,54.046324444040465,0.7206222846813337,1,0.6096512286585952,0.8483172363334143
