x,y,duration,min_diam,max_diam,mean_diam,std_diam,cluster,x_centroid,y_centroid
0.41870219472132253,0.8093772945748917,1155,40.07718808072311,44.04599478810948,41.53475020562126,1.1904993859909914,0,0.4532281009159468,0.7973017660988733
0.30966937172661135,0.7793036392109489,616,41.6163528435039,43.362121122611406,42.81867751325261,0.6130281500974286,0,0.4532281009159468,0.7973017660988733
0.5552802121276509,0.8562668926784776,616,42.59563764307055,45.1154149605624,43.84202205740758,0.9008493239852046,0,0.4532281009159468,0.7973017660988733
0.31054846221707233,0.2527128221077269,770,45.68491445204469,46.72558611261124,46.32356635074713,0.29106708755835686,1,0.30883944243142436,0.2675462044394413
0.30713042264577634,0.2823795867711558,770,46.9236175409049,48.115126789287686,47.46770659254936,0.41667348448442115,1,0.30883944243142436,0.2675462044394413
0.5673841008463847,0.589924098445569,770,44.6434846524079,46.97819696825747,45.67995952335967,0.7705158576402875,0,0.4532281009159468,0.7973017660988733
0.41510462515776436,0.9516369055844788,616,46.60151616108303,48.52386950131461,47.86263550273655,0.6740278458572234,0,0.4532281009159468,0.7973017660988733
