x,y,duration,min_diam,max_diam,mean_diam,std_diam,cluster,x_centroid,y_centroid
0.3972942779925904,0.8016621050653436,770,51.800298976672686,53.17913134347132,52.45232096888496,0.414689116999289,1,0.3972942779925904,0.8016621050653436
0.5385167270494935,0.6491206040934876,693,54.1004694808722,54.94386587278261,54.44237641414239,0.300217401113574,0,0.5422510770336058,0.60691664934637
0.5330293121708376,0.5899323704317436,770,54.43651111943952,55.61300292907247,54.95191146428434,0.3416453684210739,0,0.5422510770336058,0.60691664934637
0.5300750705127065,0.5614216622083105,693,54.34116770172469,54.75009224863573,54.52783089954641,0.15123541701877719,0,0.5422510770336058,0.60691664934637
0.5433188355340809,0.5792122227532237,1078,54.12221750385352,55.68624322816061,55.12051893280771,0.34789085253143587,0,0.5422510770336058,0.60691664934637
0.5346250485032586,0.6178867991157989,770,54.16924222082317,55.06800542115769,54.70917946258379,0.30417322105946043,0,0.5422510770336058,0.60691664934637
0.5739414684312576,0.6439262374756558,616,53.94048681438929,55.60440543794675,54.979378660409466,0.5255423750795837,0,0.5422510770336058,0.60691664934637
