x,y,duration,min_diam,max_diam,mean_diam,std_diam,cluster,x_centroid,y_centroid
0.47914238703487577,0.6472537425057407,693,53.85491004154075,54.50806034090463,54.13703897586858,0.23207879636498244,1,0.47914238703487577,0.6472537425057407
0.5118306051144098,0.09051995489190619,1694,41.16607334152881,44.30694518553005,42.54808097476689,0.8574332446572522,0,0.4687859560436915,0.10940316361036163
0.5255241156293208,0.17596299660392695,693,40.49188856550041,42.73592016075605,41.83085002720407,0.8199991691825531,0,0.4687859560436915,0.10940316361036163
0.37494930895077816,0.14686591639420804,616,44.05853098805548,45.07689714698425,44.41705327181593,0.419563048160626,0,0.4687859560436915,0.10940316361036163
0.4628397944802573,0.024263786551405382,1001,37.373053487853504,43.54407703275132,40.50026946974271,1.9954621583448322,0,0.4687859560436915,0.10940316361036163
