x,y,duration,min_diam,max_diam,mean_diam,std_diam,cluster,x_centroid,y_centroid
0.49596960382350985,0.10763770868077623,693,47.81997332162564,49.08272992972925,48.492001393273355,0.45972093383468393,0,0.46374694257525717,0.12733553679717155
0.5351412528792348,0.6899214575309781,924,50.835263757933205,53.58249581201394,52.4236056377517,0.9317544803229492,1,0.5351412528792348,0.6899214575309781
0.5163330702355119,0.13053086795321436,693,46.48075953307902,47.19095747880616,46.762441270129926,0.23621418865542715,0,0.46374694257525717,0.12733553679717155
0.45351774352436436,0.09878464815814418,693,48.432507332859856,49.187657423670885,48.82838393032572,0.2969870960761835,0,0.46374694257525717,0.12733553679717155
0.45243817190528435,0.18231809886554218,693,47.698890763887576,48.72993784314787,48.23098479520103,0.3749650655842122,0,0.46374694257525717,0.12733553679717155
0.40788120482092893,0.12761800893321232,693,44.89973443954599,45.84338501127853,45.3252572297174,0.33459713906914573,0,0.46374694257525717,0.12733553679717155
0.4563418611419436,0.11712388819214001,847,46.73077274315493,48.09832704963307,47.26014302670504,0.4445306069004717,0,0.46374694257525717,0.12733553679717155
