x,y,duration,min_diam,max_diam,mean_diam,std_diam,cluster,x_centroid,y_centroid
0.4720228537037341,0.03804173238521544,847,44.80040337321344,49.86060982608036,46.88468984707766,2.057044831487986,0,0.466929972659761,0.06326205304246743
0.4715956000573192,0.037932851801023855,616,46.010216690538016,47.08561012911532,46.42165632793484,0.3408309095692939,0,0.466929972659761,0.06326205304246743
0.4633252640119111,0.07965234930486514,1386,47.68640418706398,48.9226119773645,48.24507630427467,0.34872878648795674,0,0.466929972659761,0.06326205304246743
0.4656053329751071,0.07694516643588785,1078,46.81535224227284,48.49641780950843,47.44260368965168,0.45820948764952235,0,0.466929972659761,0.06326205304246743
0.46210081255073354,0.08373816528534489,693,47.09985937154901,47.92609270592961,47.409405204961146,0.24065957786136127,0,0.466929972659761,0.06326205304246743
0.5168373541836839,0.11506707199842128,693,47.78040541483311,48.81992446119138,48.49810773672836,0.3192814986042432,1,0.5168373541836839,0.11506707199842128
