x,y,duration,min_diam,max_diam,mean_diam,std_diam,cluster,x_centroid,y_centroid
0.45288857935094307,0.05941354383876884,1078,45.56966609936888,47.08836938880668,46.4047845096162,0.5388466552686589,1,0.460414032034523,0.08046600047374539
0.49756566800315516,0.22001971792874392,770,45.071687804283286,46.13476057734224,45.632947180204695,0.3586793464808943,0,0.49756566800315516,0.22001971792874392
0.48240081906275406,0.10536787372646642,1078,46.89144114512375,48.50952260189965,47.69605916348207,0.49743349231796885,1,0.460414032034523,0.08046600047374539
0.44595269768987195,0.07661658385600087,616,44.359258817213714,44.97939779021981,44.6596451339927,0.20431459232328653,1,0.460414032034523,0.08046600047374539
