x,y,duration,min_diam,max_diam,mean_diam,std_diam,cluster,x_centroid,y_centroid
0.4619083721157572,0.06215331610961223,693,50.29655854912283,50.72108307578005,50.53105046742304,0.15773440550748347,0,0.4637136769676654,0.07549854373152311
0.4668046225736485,0.09021447243096709,693,51.59772766802437,52.093358437562415,51.77616502123604,0.17171444922040013,0,0.4637136769676654,0.07549854373152311
0.46532822286329373,0.07441696232746109,616,51.74819464400286,52.81217930384424,52.381837576156805,0.36585762333369065,0,0.4637136769676654,0.07549854373152311
0.46081349031796215,0.07520942405805202,616,51.3706148897332,52.71159705231494,52.031647692199265,0.5633721769303017,0,0.4637136769676654,0.07549854373152311
0.5418290763653365,0.029718030209061764,616,49.07452554623297,50.27070885956756,49.848712393463714,0.4501925231445672,1,0.5418290763653365,0.02971803020906176
