x,y,duration,min_diam,max_diam,mean_diam,std_diam,cluster,x_centroid,y_centroid
0.49954821323384263,0.16385463494170313,693,46.61148257870803,47.48155355560142,47.07970390403783,0.28347642851782,1,0.49954821323384263,0.16385463494170313
0.4770125039351723,0.03935455187290551,616,48.71802030628225,49.61526781063103,49.13282412540146,0.31708358318766167,0,0.4753853478578505,0.03679601552576062
0.47229044720945157,0.040785726917956185,924,49.10038180692988,50.02377428669224,49.45576562098111,0.3152718795954398,0,0.4753853478578505,0.03679601552576062
0.47685309242892765,0.03024776778642014,616,50.373487178225545,51.64170376717844,51.15631902753048,0.4294318006468669,0,0.4753853478578505,0.03679601552576062
