x,y,duration,min_diam,max_diam,mean_diam,std_diam,cluster,x_centroid,y_centroid
0.45855254176893856,0.03511462330365878,770,48.191306380613234,49.2196372981605,48.7204690584237,0.3529310535908554,0,0.45662644280151,0.03792612769501961
0.45470034383408137,0.04073763208638043,693,48.46191175320583,49.699973761079725,49.13048229629181,0.4099304810330327,0,0.45662644280151,0.03792612769501961
0.4903423776274594,0.05270971150430133,616,47.635800625668885,48.29434439511944,47.992260793900435,0.2275436002147489,1,0.4808520268336303,0.06057749208046236
0.46341190295362134,0.07046634911624126,847,46.203059032840734,47.58694456366093,46.92907738581609,0.47067301212604895,1,0.4808520268336303,0.06057749208046236
0.48880179991981015,0.0585564156208445,847,46.78358957369563,47.974118075856175,47.337750541016405,0.3736036795027499,1,0.4808520268336303,0.06057749208046236
