x,y,duration,min_diam,max_diam,mean_diam,std_diam,cluster,x_centroid,y_centroid
0.40841348812261735,0.34792668141557015,924,46.77154582520439,47.5217267179775,47.18118188992725,0.2203770968155352,1,0.40470414100475643,0.4900330294191694
0.6411691666616167,0.6466514443988903,770,42.92416064398327,43.75448283963336,43.30109311974137,0.2838348239267631,0,0.6411691666616167,0.6466514443988903
0.33232307649038634,0.632552504067708,847,42.8281390976864,43.96410463791258,43.31971433385286,0.34590591927476133,1,0.40470414100475643,0.4900330294191694
0.4733758584012656,0.4896199027742299,616,45.604155633613296,45.93361883952957,45.768404321373474,0.10253306177480745,1,0.40470414100475643,0.4900330294191694
