x,y,duration,min_diam,max_diam,mean_diam,std_diam,cluster,x_centroid,y_centroid
0.5904119584934914,0.3339151970164812,847,49.844855657540656,50.719659273531065,50.25979941082355,0.2424514853715855,0,0.55363753907653,0.47487880923351555
0.4600588595691107,0.5431215942066786,847,49.3169077889369,51.008756472969054,49.749266958267775,0.4652344017348923,0,0.55363753907653,0.47487880923351555
0.487775797184567,0.553966370814078,770,49.12843566370005,49.81905406527974,49.56015293390823,0.22505319283176195,0,0.55363753907653,0.47487880923351555
0.63838039986924,0.3460805993947267,616,50.90886675870089,51.35424713972841,51.079446430906785,0.1361811012162286,0,0.55363753907653,0.47487880923351555
0.510711839905449,0.7492374073776789,770,47.66406807791074,48.317182600091066,48.025692340551764,0.18417428200463679,1,0.510711839905449,0.7492374073776789
0.591560680266241,0.5973102847356133,770,50.317319811692194,51.33890570242462,50.79691171393366,0.34757984648825535,0,0.55363753907653,0.47487880923351555
