x,y,duration,min_diam,max_diam,mean_diam,std_diam,cluster,x_centroid,y_centroid
0.37069947245325824,0.301764003539564,616,47.03665683500292,48.72269521057503,47.893124044599574,0.47591540822481593,1,0.3875913785432446,0.3068938082524676
0.41414661942647324,0.28517937193945964,616,46.63886820023299,48.79769680551889,47.618290225061074,0.7037664749190776,0,0.4116689545811437,0.27775386611003194
0.40919128973581426,0.2703283602806042,693,47.750210517783565,48.92035207994771,48.27571062591076,0.3867456832026224,0,0.4116689545811437,0.27775386611003194
0.40448328463323097,0.3120236129653712,770,47.07550064519007,48.316333203650345,47.778048306914044,0.46748516895682507,1,0.3875913785432446,0.3068938082524676
