x,y,duration,min_diam,max_diam,mean_diam,std_diam,cluster,x_centroid,y_centroid
0.3364484463316634,0.6321958505883167,693,45.91024328549293,50.156981150411866,48.12499713958028,1.455600369762907,0,0.33333668053413623,0.6437396887372542
0.33022491473660903,0.6552835268861917,1078,42.94760971712999,46.30887415424806,44.78980748688689,0.9664755770905654,0,0.33333668053413623,0.6437396887372542
0.2828241352364927,0.46795988741728173,1309,47.35506386679258,48.71542725054872,48.10281337881793,0.4100810500080433,1,0.28539829663870964,0.4879253867504173
0.2879724580409266,0.5078908860835529,1001,46.62199718292136,48.11460035019812,47.257880055391304,0.4349078486482036,1,0.28539829663870964,0.4879253867504173
