x,y,duration,min_diam,max_diam,mean_diam,std_diam,cluster,x_centroid,y_centroid
0.3824673160710773,0.6293040329474494,770,45.5604825739168,46.55466973934561,46.0218087748306,0.30622061004687257,1,0.3288667007914209,0.5980752679075144
0.2752660855117644,0.5668465028675794,924,48.670990564585175,50.44265842382868,49.527237153580586,0.4515545992681364,1,0.3288667007914209,0.5980752679075144
0.4047062738686355,0.7845598133722265,616,48.507675194831606,49.59667007235352,48.96514301610542,0.3783813543266831,0,0.3787522920012317,0.7661881058084397
0.3649205723105148,0.7515607213436557,616,48.49134313004421,50.29868393050428,49.162916074695374,0.692944126722362,0,0.3787522920012317,0.7661881058084397
0.3885907142593147,0.7393165794159228,693,45.89097748874903,48.65675302692943,47.07799302580747,0.8196294476515408,0,0.3787522920012317,0.7661881058084397
0.35679160756646183,0.7893153091019536,693,46.70008042283502,49.53956993980437,48.14415516157974,0.9616959079473245,0,0.3787522920012317,0.7661881058084397
