x,y,duration,min_diam,max_diam,mean_diam,std_diam,cluster,x_centroid,y_centroid
0.2909709355393421,0.7366389806204207,770,36.3341360730654,45.2853411899438,41.04737687392319,3.4645291166459957,0,0.24255323390655406,0.614147062255445
0.19763833228487349,0.5390257035322596,693,42.35904396261431,45.66216729443154,44.509266428287646,0.9817980730663934,0,0.24255323390655406,0.614147062255445
0.2015946766248426,0.5538139455583325,1078,41.47112029896556,44.654418710485054,43.359782158111294,1.05849142023901,0,0.24255323390655406,0.614147062255445
0.2765706988032177,0.5929792427223702,693,44.31555571487636,45.96559906395992,45.273115092081056,0.557528936007139,0,0.24255323390655406,0.614147062255445
0.24942596991384847,0.5996159706139212,924,43.26121811548774,45.988201953690165,44.82738186739954,0.8794855256799573,0,0.24255323390655406,0.614147062255445
0.23911879027320002,0.662808530485366,924,37.505224028582994,42.841666982732285,40.40131565868459,2.029118098705446,0,0.24255323390655406,0.614147062255445
0.5124940095079908,0.2783357831784976,616,46.12844614410108,47.49383801535316,46.68843729162238,0.4893734681718417,1,0.5124940095079908,0.2783357831784976
