x,y,duration,min_diam,max_diam,mean_diam,std_diam,cluster,x_centroid,y_centroid
0.26918566113915243,0.6372996793910943,616,39.79932104279641,43.39604994206469,40.96729132975318,1.2082987505907705,0,0.31614686835958616,0.6456817916378654
0.3014228008683026,0.6083375019720132,616,43.94106964463312,46.04728205043641,44.698855167919504,0.7076507316644457,0,0.31614686835958616,0.6456817916378654
0.41087579350227205,0.6331136266129681,924,41.19017276265882,45.2268401640184,43.040567116308615,1.4631056919166765,0,0.31614686835958616,0.6456817916378654
0.23582797114594597,0.686802638903831,847,47.06443109913387,48.84112241513295,47.952340811147316,0.5397553499715183,0,0.31614686835958616,0.6456817916378654
0.39937010708557213,0.6806221866708775,693,42.80197443228949,44.85693842250229,43.81970872155638,0.7446550079414216,0,0.31614686835958616,0.6456817916378654
0.2801988764162717,0.6279151162764088,693,41.94519583911247,43.79633627633592,42.83407250367848,0.5666462091470601,0,0.31614686835958616,0.6456817916378654
0.3087563562605813,0.48767688326355835,693,45.15515375087612,46.32268115758215,45.73629082469913,0.3927525163926472,1,0.3087563562605813,0.48767688326355835
