x,y,duration,min_diam,max_diam,mean_diam,std_diam,cluster,x_centroid,y_centroid
0.33516161003964107,0.5538392741425296,616,41.3949225872744,42.68567992372876,42.026895189311034,0.38837448330887386,0,0.32604487615308064,0.568016917195715
0.34988467821714164,0.5563182564305598,924,41.57592609054897,42.54968564627099,42.20522570455527,0.2993275609200936,0,0.32604487615308064,0.568016917195715
0.2930883402024591,0.5938932210140556,847,41.62163108400285,42.82812913635866,42.147933865159146,0.3629923956641656,0,0.32604487615308064,0.568016917195715
0.5707633102387296,0.3221996759960897,770,47.03525990997515,47.89214507391923,47.47115990362588,0.326615629623872,1,0.49351306628849384,0.3658245773019949
0.4528506304691102,0.33459977537818547,616,46.00964355480885,47.06735411987675,46.50700740586288,0.43935707412186,1,0.49351306628849384,0.3658245773019949
0.45692525815764173,0.4406742805317096,693,46.59155232539784,47.66143039164741,47.08719900745368,0.34953603408479067,1,0.49351306628849384,0.3658245773019949
