x,y,duration,min_diam,max_diam,mean_diam,std_diam,cluster,x_centroid,y_centroid
0.35158004728902037,0.7586141884860179,616,43.05281066894531,43.89510726928711,43.396934509277344,0.27678560887886233,1,0.3231049507715821,0.7789487410178949
0.35174189446986104,0.7687872993435204,847,43.001014709472656,43.74814224243164,43.27451393821023,0.2500896325646774,1,0.3231049507715821,0.7789487410178949
0.22959101618148622,0.5555590302605391,693,43.93949890136719,44.435829162597656,44.098136054144966,0.17284349394091666,0,0.22959101618148622,0.5555590302605391
0.3271387101147972,0.7773305886873565,693,43.03498077392578,43.57762145996094,43.34841283162435,0.18233817817572226,1,0.3231049507715821,0.7789487410178949
0.34224074315640357,0.750522582251471,1078,43.626930236816406,44.31085205078125,43.89563233511789,0.23176934086704515,1,0.3231049507715821,0.7789487410178949
0.2557264067756958,0.8326075967907343,770,44.06900787353516,44.57920455932617,44.2574951171875,0.15526204730313573,1,0.3231049507715821,0.7789487410178949
0.3102019028237146,0.7858301905482696,1078,44.41051483154297,45.10811614990234,44.78069005693708,0.21214348350233275,1,0.3231049507715821,0.7789487410178949
