x,y,duration,min_diam,max_diam,mean_diam,std_diam,cluster,x_centroid,y_centroid
0.27725004116476026,0.8389219012608933,770,46.35538482666016,47.307373046875,46.84081535339355,0.35745329432808537,1,0.2715200642238653,0.8569343919934393
0.32254533405221564,0.727115190175517,616,46.505149841308594,47.38040542602539,46.88096523284912,0.24828213342585645,0,0.2916706096690353,0.7228236004525996
0.26079588528585496,0.7185320107296822,1001,46.732025146484375,47.376651763916016,47.113603151761566,0.1841835973618755,0,0.2916706096690353,0.7228236004525996
0.26463561744339226,0.8676780053869275,693,47.311073303222656,48.1262321472168,47.679368336995445,0.24334873004794258,1,0.2715200642238653,0.8569343919934393
0.2726745340634435,0.8642032693324974,1001,47.08827972412109,48.63396453857422,48.16880768996019,0.43727444379389147,1,0.2715200642238653,0.8569343919934393
