x,y,duration,min_diam,max_diam,mean_diam,std_diam,cluster,x_centroid,y_centroid
0.5188341850719198,0.30595827354835103,693,44.376439767570986,46.34774045061924,45.407545074484226,0.5868838409511129,1,0.5188341850719198,0.30595827354835103
0.37432954866149937,0.7203478315451679,616,46.19531387435208,47.72002713169898,46.84024601305283,0.6176003735753607,0,0.3727941852373852,0.697975471126884
0.3475755520663245,0.6748285283113662,770,48.68598438387967,49.67369365522646,49.27014263069875,0.33764202177332403,0,0.3727941852373852,0.697975471126884
0.39647745498433173,0.6987500535241179,847,45.617166364801335,48.75689313936025,47.1705563927025,1.0941087583125884,0,0.3727941852373852,0.697975471126884
