x,y,duration,min_diam,max_diam,mean_diam,std_diam,cluster,x_centroid,y_centroid
0.4900546542621182,0.5188633257534357,1155,48.73105064372896,53.04028309784645,51.04091200790775,1.2161589314284624,0,0.4631804621711718,0.5328783947311089
0.4543395825667459,0.5587288345713005,616,52.40124298546044,53.714690926817525,52.95774278131117,0.4338116336262884,0,0.4631804621711718,0.5328783947311089
0.3793032747771423,0.6189392675551068,616,50.113868284811694,55.54304550277768,53.35923851834883,2.2598030245515073,0,0.4631804621711718,0.5328783947311089
0.5290243370786809,0.4349821510445926,847,49.459415203915256,52.92807213961031,51.760936360053044,1.0524280884514754,0,0.4631804621711718,0.5328783947311089
0.515303294821294,0.7253414767223524,693,43.99400939283166,46.27999406341413,44.915497942281704,0.8802488002000068,1,0.46303275278959266,0.7080293546474743
0.4249326485674199,0.7402313484026192,693,39.78301458379416,46.565065871956975,42.740541384843226,2.579626331947298,1,0.46303275278959266,0.7080293546474743
0.44886231498006407,0.6585152388174513,924,43.15967397835481,49.42668825797524,45.82189270206206,1.7868621610121453,1,0.46303275278959266,0.7080293546474743
