x,y,duration,min_diam,max_diam,mean_diam,std_diam,cluster,x_centroid,y_centroid
0.45314322158618664,0.39065922953678045,9779,16.436091385629975,56.519958495991496,46.60449716714816,8.974804775520772,1,0.45314322158618664,0.39065922953678045
0.5513707405672933,0.5975402240000699,10087,33.85813242466056,58.429685987901294,44.78887932315531,9.193747560413986,0,0.5112910300299682,0.6021681620939248
0.5034815786632175,0.5786713092143473,23485,34.7753687219629,56.58737388844308,45.878879830681434,8.802237357523914,0,0.5112910300299682,0.6021681620939248
0.4753747875863023,0.6044493953439667,13090,35.53602231470665,57.42634026520813,45.876075189724546,8.77821627272474,0,0.5112910300299682,0.6021681620939248
0.51493701330306,0.6280117198173151,12705,35.30259892997655,56.637971320336256,44.99505462222004,8.670541918094216,0,0.5112910300299682,0.6021681620939248
