x,y,duration,min_diam,max_diam,mean_diam,std_diam,cluster,x_centroid,y_centroid
0.36318649471551495,0.6806269651442489,693,58.22569065970675,59.993696281201046,59.11080651726607,0.6632462431175087,0,0.35111708454461416,0.6349547341414064
0.5629831661057833,0.5168872329355677,847,57.93921841942211,60.384596566714656,58.822353187243586,0.7327237771833938,1,0.579402965952036,0.5132148388670922
0.3213065747324789,0.6943411799471256,1078,59.86887791926267,61.66094460598863,60.759742023790295,0.657444135248503,0,0.35111708454461416,0.6349547341414064
0.3688581841858486,0.5298960573328444,1540,60.750792171672906,62.07429981830692,61.22269620124872,0.4265050973971779,0,0.35111708454461416,0.6349547341414064
0.5752811077633098,0.5051103838070836,616,58.25699526109174,58.58892689082197,58.46094103521146,0.11838561285463908,1,0.579402965952036,0.5132148388670922
0.5999446239870151,0.5176468998586251,616,54.024484529829,56.1419901365094,55.51271206428116,0.7618699062768853,1,0.579402965952036,0.5132148388670922
