x,y,duration,min_diam,max_diam,mean_diam,std_diam,cluster,x_centroid,y_centroid
0.43573314781805295,0.61842541326038,616,59.39328235840582,60.08333254954103,59.79862093549752,0.23961891008564656,1,0.44569398804300714,0.6813558568853691
0.47716515402945453,0.5391605696739424,847,58.20448874917579,60.01280386698824,59.23243137396915,0.6577629544095881,0,0.46187403354892503,0.49799201356734607
0.4712363239670921,0.5371157711901675,924,58.6472435029293,60.02760391404751,59.29440785499282,0.49976620827725077,0,0.46187403354892503,0.49799201356734607
0.4924747694462178,0.5815463622391328,847,59.1113737385752,60.07206443364719,59.613460397504966,0.3721697992519121,0,0.46187403354892503,0.49799201356734607
0.40914123025217025,0.40944361278808,924,61.66929466064272,62.426420611012325,62.063048535904365,0.24565077967876722,0,0.46187403354892503,0.49799201356734607
0.4593526900496906,0.4226937519454076,1155,59.39957230845725,61.03773644063882,59.92777482624437,0.46709757457290374,0,0.46187403354892503,0.49799201356734607
0.45060265164923385,0.7171157786042607,1001,56.449602285848506,57.45191748743471,56.76538508236274,0.29692132348661776,1,0.44569398804300714,0.6813558568853691
0.45074616466173467,0.7085263787914668,616,55.106057213071765,57.20145242717666,56.07036970188291,0.8128324722801193,1,0.44569398804300714,0.6813558568853691
