x,y,duration,min_diam,max_diam,mean_diam,std_diam,cluster,x_centroid,y_centroid
0.5943219270008655,0.7604122292857923,616,57.70199892064938,58.094682802819456,57.934928387536615,0.11853308792259641,1,0.5935957311182795,0.663627883631199
0.5766479745041931,0.4530681397652435,770,60.44573255927074,61.46222912776647,60.94461488260957,0.41225378943173685,1,0.5935957311182795,0.663627883631199
0.4692609587527552,0.7706784860364538,924,57.550685745594095,61.00841669084668,59.43594899183204,1.102523653635675,0,0.4162334424575054,0.768215025720995
0.34993242932288865,0.7879126350059288,770,57.306701430869296,58.67696227246508,58.12795587849507,0.457276855501122,0,0.4162334424575054,0.768215025720995
0.3708667522687674,0.7028395384746865,1386,58.70089445116859,60.39388712439461,59.32573115164516,0.5232408600232284,0,0.4162334424575054,0.768215025720995
0.47487362948561035,0.8114294433669106,693,55.62802553011895,56.55222907622457,56.13829752824509,0.387564309400772,0,0.4162334424575054,0.768215025720995
0.6098172918497798,0.777403281842561,1463,56.136485112463056,59.04342074302768,57.63981309263358,0.988860672203744,1,0.5935957311182795,0.663627883631199
