x,y,duration,min_diam,max_diam,mean_diam,std_diam,cluster,x_centroid,y_centroid
0.4409544335051186,0.7110436096324304,1001,63.64422215558037,65.82591500618244,64.62148192018516,0.5698682186338464,1,0.4455519800218086,0.6922150648868992
0.5004765075693957,0.5737361238626583,693,60.38603001619988,67.53395861449037,63.98850201130428,3.2520238624268525,0,0.47012452870100574,0.5503170380116185
0.4781134650127077,0.5470596333995443,616,56.08226187821943,65.39477249637687,60.77367341914187,4.200119936105833,0,0.47012452870100574,0.5503170380116185
0.4832005001082099,0.603636135537016,693,68.12076012784728,68.88482844574139,68.43730528712884,0.20370941591493277,0,0.47012452870100574,0.5503170380116185
0.4501495265384987,0.6733865201413681,1001,64.9059756990605,66.85018725143195,66.00065574761067,0.6068132208480321,1,0.4455519800218086,0.6922150648868992
0.41870764211370975,0.4768362592472553,924,62.92988588601031,72.87560158369732,68.75561997903053,4.7463531196797755,0,0.47012452870100574,0.5503170380116185
