x,y,duration,min_diam,max_diam,mean_diam,std_diam,cluster,x_centroid,y_centroid
0.4920825381743036,0.5524209749739414,770,48.18682617529819,55.873265153193785,52.21898047350112,2.9908723800747112,0,0.4605844022129905,0.5889126864762332
0.47214601421102004,0.5933075575675695,693,52.04825509520813,58.19700879371319,55.41703422427106,2.442316488073373,0,0.4605844022129905,0.5889126864762332
0.422505544877441,0.5371685236604897,693,54.75239783333375,63.58472392185825,59.90413753438216,3.5856167492708386,0,0.4605844022129905,0.5889126864762332
0.5051739307498541,0.6122574299905894,924,55.80885744979791,62.46495129120512,59.333203566351635,2.684184720139507,0,0.4605844022129905,0.5889126864762332
0.4110139830523338,0.6494089461885759,616,64.38679761729476,66.51949688441537,65.31287071834996,0.7387213761927734,0,0.4605844022129905,0.5889126864762332
0.5925155254457952,0.31240951444005227,847,60.59883257990836,64.89486730382124,62.595508680059105,1.8647520502653674,1,0.5925155254457952,0.31240951444005227
