x,y,duration,min_diam,max_diam,mean_diam,std_diam,cluster,x_centroid,y_centroid
0.2791648740622101,0.6308354008319692,1309,44.16643905639648,45.11212539672852,44.67788516773897,0.2667477922705442,1,0.2415200485247747,0.6380477315978338
0.4041975932276682,0.5090256665901649,924,45.56742477416992,46.90229034423828,46.17903836568197,0.38646485239571043,0,0.40168598747332096,0.5168042355823352
0.3991743817189738,0.5245828045745057,616,46.23115539550781,46.55195617675781,46.36018991470337,0.10526469782335016,0,0.40168598747332096,0.5168042355823352
0.18073336291359413,0.7383860738712232,1309,44.51691436767578,45.99895095825195,45.24841398351333,0.5023187899527359,1,0.2415200485247747,0.6380477315978338
0.3034354204356473,0.7712553798178042,770,46.13433837890625,46.820438385009766,46.478348922729495,0.20243053674093034,1,0.2415200485247747,0.6380477315978338
0.21991592279211408,0.5028408806485017,1232,45.584449768066406,46.67997360229492,46.255990505218506,0.2610098475631401,1,0.2415200485247747,0.6380477315978338
0.23652663221877657,0.659937054783326,924,45.45965576171875,46.05345916748047,45.701515197753906,0.1784217037742652,1,0.2415200485247747,0.6380477315978338
0.229344078726306,0.5250315996341784,770,46.28936767578125,46.76423645019531,46.518699645996094,0.14752019702832073,1,0.2415200485247747,0.6380477315978338
