x,y,duration,min_diam,max_diam,mean_diam,std_diam,cluster,x_centroid,y_centroid
0.20341827385341274,0.5709676157866704,847,47.00592422485352,47.48192596435547,47.1303166476163,0.14139811817669734,0,0.22734404095279478,0.6645173522145662
0.18012506910266585,0.7320852018387672,1232,45.319278717041016,47.28648376464844,46.216386795043945,0.7596163894920391,0,0.22734404095279478,0.6645173522145662
0.23756035881799006,0.718546560507799,770,46.17601013183594,47.07834243774414,46.5407039642334,0.2631765628087297,0,0.22734404095279478,0.6645173522145662
0.17725963020812066,0.6353456353269548,847,43.27549743652344,48.01488876342773,44.350401791659266,1.2650930758675096,0,0.22734404095279478,0.6645173522145662
0.28465953283814793,0.633157035037415,924,43.54193115234375,46.48178482055664,45.27508354187012,1.073813594665309,0,0.22734404095279478,0.6645173522145662
0.303413238289026,0.6383031173158883,847,43.71603775024414,44.98705291748047,44.148481195623226,0.4032842651366355,0,0.22734404095279478,0.6645173522145662
0.4129358741330678,0.46486652162326514,616,45.4092903137207,47.52048110961914,46.852375507354736,0.6245692261741551,1,0.4129358741330678,0.46486652162326514
0.18359944271054426,0.6826317851219428,693,46.88033676147461,47.971134185791016,47.351145850287544,0.32918452345987154,0,0.22734404095279478,0.6645173522145662
0.24871678180245085,0.7051018667810925,770,45.561317443847656,47.46260452270508,46.63836860656738,0.6407102663347222,0,0.22734404095279478,0.6645173522145662
