x,y,duration,min_diam,max_diam,mean_diam,std_diam,cluster,x_centroid,y_centroid
0.49588678214258153,0.5057067700789699,693,43.30375849366224,44.59230407103343,43.89864315710355,0.4116358896171859,1,0.5142090967807068,0.45086663929555687
0.6046993820644202,0.32735437258627054,616,45.69035111902689,46.350443910593576,46.00705604906141,0.2032758555711171,1,0.5142090967807068,0.45086663929555687
0.4063943095298368,0.38984266327610295,693,43.29023585525509,44.03269164778926,43.656493791150545,0.21205301760725984,0,0.4164044375164677,0.3835128595240656
0.4264145655030987,0.37718305577202826,616,42.8864064439465,43.51437884801663,43.17729439575925,0.2110499327644213,0,0.4164044375164677,0.3835128595240656
0.48027564428221703,0.539154394316195,770,37.10498976240855,40.64344426223029,38.998025303027276,1.3374183471224101,1,0.5142090967807068,0.45086663929555687
0.4759745786336085,0.431251020200792,693,40.259174162884925,41.60139949905604,40.72195665414037,0.41516008598537246,1,0.5142090967807068,0.45086663929555687
