x,y,duration,min_diam,max_diam,mean_diam,std_diam,cluster,x_centroid,y_centroid
0.5407255401373565,0.7132548562522896,770,37.90985048965793,38.81392354665932,38.365283967181846,0.3078832063687622,0,0.5735629275194918,0.7163342672595224
0.6317143326535662,0.6698088396596522,924,39.242396113457886,39.90252899838205,39.56499718261379,0.2208655921534787,0,0.5735629275194918,0.7163342672595224
0.548533968221945,0.7439527485518288,693,37.77927132850657,38.37437850268281,38.07003899114779,0.2040428452240127,0,0.5735629275194918,0.7163342672595224
0.621217090986401,0.707410245544676,693,39.87393020882059,40.89739574057599,40.44046225797061,0.31182958779404285,0,0.5735629275194918,0.7163342672595224
0.5256237055981904,0.7472446462891655,693,35.99694169769438,36.86110168649504,36.353950310964585,0.37679604081590595,0,0.5735629275194918,0.7163342672595224
0.33259473330317746,0.6877200217337234,616,36.11573485545301,36.74198458205167,36.49514788743077,0.22076122958115507,1,0.3705634275574009,0.723160911728436
0.4171036237073371,0.7098272035616531,616,36.469045766184976,37.18950790938668,36.75349514959217,0.20878520092339964,1,0.3705634275574009,0.723160911728436
0.36199192566168814,0.7719355098899316,693,34.17691833610945,36.13923175254735,35.2080380191579,0.7582512152863453,1,0.3705634275574009,0.723160911728436
