x,y,duration,min_diam,max_diam,mean_diam,std_diam,cluster,x_centroid,y_centroid
0.5094815243366214,0.4323941373606368,1925,56.414148502741135,71.2415947079803,63.6784447175117,5.379807444015244,0,0.45858431891027296,0.47511978431195523
0.41094994950618985,0.5869197233776776,3619,45.37107842144282,71.6005975263684,59.458492908337384,8.170626374104268,1,0.47516633773455796,0.5910186561278445
0.40768711348392456,0.5178454312632736,3619,43.17417638652585,68.78815310480825,57.48527335781759,6.995383568074211,0,0.45858431891027296,0.47511978431195523
0.4868168036345087,0.5554185358546047,2772,55.43661921013107,68.94734900802959,61.449696294923484,4.5197510512511325,1,0.47516633773455796,0.5910186561278445
0.5022398640566538,0.5962639938460819,26334,12.935029898110194,74.52448813468598,66.90492015849867,5.669748190580744,1,0.47516633773455796,0.5910186561278445
0.4170757838966404,0.6283123314752936,7546,61.897648244786815,76.795085400006,70.17646367182381,5.548078408112252,1,0.47516633773455796,0.5910186561278445
0.5485909858095795,0.5471075720008725,8547,65.54080645364051,75.83182011272044,70.14298970124383,3.688801471560546,1,0.47516633773455796,0.5910186561278445
0.4853246395037754,0.6320897802125371,12397,56.710250955669046,75.15203821607969,67.44067623814124,5.081769163351744,1,0.47516633773455796,0.5910186561278445
