x,y,duration,min_diam,max_diam,mean_diam,std_diam,cluster,x_centroid,y_centroid
0.4786148799631177,0.46208299305597955,2695,42.48233413696289,44.87883377075195,43.597184099469864,0.6230226216887601,1,0.4991796304790395,0.4596262404291513
0.40698243339213125,0.47813609340319363,1155,35.79304504394531,39.845829010009766,38.121995290120445,1.1302803540378397,0,0.39538009541179,0.48612166227217896
0.42918649428419947,0.4679360806203721,1001,34.35511016845703,41.82819747924805,38.277865189772385,2.1133084262962067,0,0.39538009541179,0.48612166227217896
0.37386292452499403,0.5225514256548117,1001,32.739200592041016,40.2730712890625,37.380509009728065,2.5365483631641577,0,0.39538009541179,0.48612166227217896
0.5487835219109569,0.5009182968529035,1925,41.31717300415039,45.47257995605469,42.61206497192383,1.0541285093097028,1,0.4991796304790395,0.4596262404291513
0.3854348768386213,0.47720145495928346,3234,30.45176887512207,39.47802734375,35.63659109388079,1.9009726537769267,0,0.39538009541179,0.48612166227217896
0.4717148405536608,0.4486047364363206,616,35.32321548461914,45.42285537719727,38.71854543685913,2.99770300701602,1,0.4991796304790395,0.4596262404291513
0.38143374801900387,0.4847832567232339,1771,35.79807662963867,40.36702346801758,37.58378617659859,1.1203886772136997,0,0.39538009541179,0.48612166227217896
0.4976052794884226,0.4268989353714016,693,37.26177597045898,44.63686752319336,42.29630618625217,2.3323881419605903,1,0.4991796304790395,0.4596262404291513
