x,y,duration,min_diam,max_diam,mean_diam,std_diam,cluster,x_centroid,y_centroid
0.4883361634007303,0.5588169323050336,693,41.11905446300304,42.924103895206414,42.03876224710012,0.5913442067533191,1,0.4214201699233585,0.616037895617392
0.35178934830336106,0.6440861607768709,616,38.7053687960179,39.99161977512741,39.20685873203447,0.39652405231397303,1,0.4214201699233585,0.616037895617392
0.4740400398185103,0.7046956236010532,616,39.454747334419736,40.821215642402905,40.19876085118559,0.451425050876532,0,0.47219262538489737,0.6893522763650781
0.4743454173258472,0.6907523958975093,1463,39.175066888597634,40.832327842113216,40.11697166515174,0.5189233437894303,0,0.47219262538489737,0.6893522763650781
0.4940759766104267,0.6871746849669711,693,39.39725885513985,40.05371098439418,39.77650285893063,0.19356064889280672,0,0.47219262538489737,0.6893522763650781
0.4463090677848054,0.6747864009947788,693,38.67629179397805,39.04259317746931,38.87409495823857,0.11572569837454483,0,0.47219262538489737,0.6893522763650781
0.44007125657543655,0.6183259396769899,924,36.105621128459205,37.86819413818051,36.81715465077837,0.6265049408903685,1,0.4214201699233585,0.616037895617392
0.4054839114139061,0.6429225497106736,770,34.898653079024,35.515747509575114,35.24222536608809,0.2063781894974623,1,0.4214201699233585,0.616037895617392
