x,y,duration,min_diam,max_diam,mean_diam,std_diam,cluster,x_centroid,y_centroid
0.4692147752503677,0.6070788438760948,1001,49.738651275634766,51.84112548828125,50.93280381422777,0.6212798457429853,0,0.41559159657217115,0.5749379326644474
0.3978081798885459,0.5711213872934012,1001,48.848899841308594,52.92085647583008,51.69624944833609,1.2448543647968227,0,0.41559159657217115,0.5749379326644474
0.5181781983395438,0.4247720358856597,693,51.766448974609375,52.84616088867188,52.24916246202257,0.3669691075647155,1,0.5181781983395438,0.4247720358856597
0.3797518345775999,0.546613566823846,616,52.224571228027344,55.513916015625,53.397186279296875,1.1493789798527947,0,0.41559159657217115,0.5749379326644474
