x,y,duration,min_diam,max_diam,mean_diam,std_diam,cluster,x_centroid,y_centroid
0.4533051868465922,0.5229307101935468,847,46.275970458984375,50.04011917114258,48.08757990056818,1.2254931713308412,0,0.4538827723040402,0.5445115647639357
0.45656297869679086,0.5596432590096931,924,46.47013854980469,48.10088348388672,47.190257708231606,0.49825810018307737,0,0.4538827723040402,0.5445115647639357
0.4551407836693589,0.5757844443287953,616,47.58684921264648,49.13170623779297,48.26592826843262,0.5131674399686313,0,0.4538827723040402,0.5445115647639357
0.45052214000341895,0.5196878455237076,1848,50.080448150634766,51.726558685302734,51.03835932413737,0.3875574951108243,0,0.4538827723040402,0.5445115647639357
0.43545757201328805,0.4585135348363778,847,46.61257553100586,48.11946487426758,47.573765841397375,0.5031650779253733,1,0.43545757201328805,0.4585135348363778
