x,y,duration,min_diam,max_diam,mean_diam,std_diam,cluster,x_centroid,y_centroid
0.4263828447131546,0.29346469057674895,616,46.03384780883789,47.61970138549805,46.8369140625,0.5090399535196464,1,0.39357196862688815,0.31368097538515405
0.4728275259715001,0.5451192038292887,616,47.61067581176758,48.696388244628906,48.1511664390564,0.3604749910261656,0,0.47391062284293606,0.5360244286729988
0.36186358622314124,0.34588100152697204,693,43.81124877929688,45.649208068847656,44.260780334472656,0.5888622220007047,1,0.39357196862688815,0.31368097538515405
0.4749937197143721,0.526929653516709,693,47.84944152832031,48.67267990112305,48.24985716078017,0.272793471042167,0,0.47391062284293606,0.5360244286729988
0.39246947494436857,0.3016972340517412,693,45.30029296875,47.40352249145508,46.85158242119683,0.6118946799021809,1,0.39357196862688815,0.31368097538515405
