x,y,duration,min_diam,max_diam,mean_diam,std_diam,cluster,x_centroid,y_centroid
0.388637012617103,0.55523089886455,770,46.604103088378906,47.60051345825195,47.07020492553711,0.3321881816815395,0,0.3829454607504618,0.5905806317112801
0.37725390888382065,0.6259303645580101,693,44.721641540527344,45.63759231567383,45.18170717027452,0.27690578567561985,0,0.3829454607504618,0.5905806317112801
0.3958473992124302,0.5016780261648207,693,47.21262741088867,47.58230972290039,47.351282331678604,0.1244118684436083,1,0.39183039111676593,0.48929170791943805
0.38199100877340275,0.4831362246188016,770,46.53466033935547,47.395633697509766,46.7671573638916,0.24086069939321256,1,0.39183039111676593,0.48929170791943805
0.3976527653644649,0.48306087297469186,616,46.59236907958984,47.03804016113281,46.78455686569214,0.1518741801487653,1,0.39183039111676593,0.48929170791943805
