x,y,duration,min_diam,max_diam,mean_diam,std_diam,cluster,x_centroid,y_centroid
0.33786872866237405,0.5379918277358674,693,45.32912063598633,46.60385513305664,46.20288848876953,0.4024489588502193,1,0.360411546503552,0.5512957317815764
0.40448027457650854,0.38505033407325984,616,47.41156768798828,47.74708557128906,47.58354949951172,0.12097543857965413,0,0.43293524120919025,0.39958834340880245
0.3304217070906972,0.40218819535099715,847,47.040714263916016,47.76290893554688,47.4400388544256,0.22653494997895535,2,0.31567642333139195,0.4139976799744028
0.4308320795939646,0.3820431894787882,693,48.21723556518555,48.69864273071289,48.415256924099396,0.16365147479697548,0,0.43293524120919025,0.39958834340880245
0.450680506073693,0.41488155949091016,693,47.947998046875,48.34212875366211,48.14288245307075,0.1296008639789286,0,0.43293524120919025,0.39958834340880245
0.44574810459259484,0.4163782905922517,616,47.86579132080078,48.29393768310547,48.10074710845947,0.13727197493947904,0,0.43293524120919025,0.39958834340880245
0.3009311395720867,0.42580716459780843,1078,46.78913879394531,47.391788482666016,47.0657468523298,0.17925798129936835,2,0.31567642333139195,0.4139976799744028
0.35541605083637967,0.5046117721532002,770,45.32078170776367,46.24998092651367,45.78872909545898,0.2968237972053845,1,0.360411546503552,0.5512957317815764
0.38794986001190235,0.6112835954556617,770,47.279563903808594,48.38981246948242,47.829411315917966,0.359895637478434,1,0.360411546503552,0.5512957317815764
