x,y,duration,min_diam,max_diam,mean_diam,std_diam,cluster,x_centroid,y_centroid
0.7154484551904265,0.6424036519545034,616,13.187676429748535,59.17249298095703,48.656593441963196,19.205265232626488,0,0.5384658720493424,0.5125397322719281
0.3424633316686887,0.3656726778732093,847,17.492395401000977,61.572998046875,56.92146526683461,13.08570979236438,0,0.5384658720493424,0.5125397322719281
0.5878368052244762,0.389557063753113,3388,18.022979736328125,66.81553649902344,61.42320719632235,7.469483302618184,0,0.5384658720493424,0.5125397322719281
0.47037877209476453,0.588157676147495,693,25.31190490722656,63.3890380859375,54.564017401801216,12.677347284158353,0,0.5384658720493424,0.5125397322719281
0.8975967691943709,0.8842577392924682,693,20.63994789123535,66.10601043701172,55.80324787563748,19.743280413912537,0,0.5384658720493424,0.5125397322719281
0.32955625021378815,0.033044197552592997,616,60.5523681640625,61.90306091308594,61.40272283554077,0.48401223035224283,0,0.5384658720493424,0.5125397322719281
-0.3983729648037743,1.9345686543374836,1232,61.27400970458984,63.09185409545898,62.34939122200012,0.4631236109872039,1,-0.05010639271537243,1.6496302419371602
0.5284900405734929,0.5809633352860263,1155,63.42792510986328,67.74201202392578,64.56101913452149,1.3574753182568022,0,0.5384658720493424,0.5125397322719281
0.5109579134305462,0.5383720885538507,616,61.64637756347656,65.6197738647461,62.6792950630188,1.2315794041141817,0,0.5384658720493424,0.5125397322719281
0.18332142861354683,1.2883668081761124,693,64.05223083496094,64.75663757324219,64.38292355007596,0.20065109324875557,1,-0.05010639271537243,1.6496302419371602
0.46346451085352713,0.5904291600340928,1848,57.91430282592773,67.53339385986328,64.54856808980306,1.7855364581322706,0,0.5384658720493424,0.5125397322719281
0.06473235804411022,1.7259552632978843,616,63.86106491088867,65.26544189453125,64.69132089614868,0.5424300224499446,1,-0.05010639271537243,1.6496302419371602
