x,y,duration,min_diam,max_diam,mean_diam,std_diam,cluster,x_centroid,y_centroid
0.3472483749769884,0.5807776596680236,693,56.39605712890625,57.71353149414063,57.301880730523,0.44364492934033617,1,0.35331399536778996,0.6034599734696277
0.7412288737405667,0.5787224875996425,2772,50.19351577758789,66.77384948730469,57.90709771050347,6.202494952112811,0,0.6658977527406907,0.6523373127379805
0.6042000294770907,0.6965397832102305,616,42.04190826416016,59.86952209472656,52.62126016616821,4.918056051959518,0,0.6658977527406907,0.6523373127379805
0.3852055869357502,0.5967663942205973,1155,57.21734619140625,60.287574768066406,58.692708333333336,1.1266718800199709,1,0.35331399536778996,0.6034599734696277
0.43867957363288157,0.6598369849725272,847,14.591535568237305,62.58877944946289,56.46550802751021,13.945839525234542,1,0.35331399536778996,0.6034599734696277
0.556146062697081,0.6293656934754127,1848,11.53210163116455,65.5328140258789,55.485057870546974,13.3675998610514,0,0.6658977527406907,0.6523373127379805
0.2421224459255398,0.5764588550173625,1001,15.176376342773438,65.14630889892578,60.94207059420072,13.753920312594248,1,0.35331399536778996,0.6034599734696277
0.7620160450480247,0.7047212866666361,616,56.82369995117188,71.48650360107422,64.64912128448486,7.056548859236159,0,0.6658977527406907,0.6523373127379805
