x,y,duration,min_diam,max_diam,mean_diam,std_diam,cluster,x_centroid,y_centroid
0.6016245816199391,0.5611832030867094,1848,32.90267562866211,62.99044418334961,56.274184226989746,6.256087696575284,0,0.5906503538661293,0.5964634701624887
0.47013036006993153,0.6451252328054783,847,55.95794296264648,63.066776275634766,58.26787567138672,2.6858750311998905,0,0.5906503538661293,0.5964634701624887
0.5559980810052136,0.6393568102391554,770,58.97166442871094,61.04618453979492,60.17683982849121,0.7186680973261564,0,0.5906503538661293,0.5964634701624887
0.6128882511714356,0.5328430192087287,847,60.22418594360352,68.01610565185547,62.376815449107774,3.3279706764469634,0,0.5906503538661293,0.5964634701624887
0.6891364116859418,0.5957982909711125,1463,56.33941650390625,68.25765991210938,61.59690455386513,4.869272149152508,0,0.5906503538661293,0.5964634701624887
0.06008362713859196,1.745625074302764,770,63.329986572265625,64.15278625488281,63.778999710083006,0.24516574915869604,1,0.026103156278100503,1.81092403539793
-0.007877314582390948,1.8762229964930957,1848,58.30946350097656,60.6556510925293,59.491513888041176,0.5590191462049855,1,0.026103156278100503,1.81092403539793
0.6120859888211402,0.6076646485463137,2387,58.54594802856445,67.67240142822266,61.11403213008757,2.754200729872257,0,0.5906503538661293,0.5964634701624887
0.5926888026893034,0.5932730862799225,770,12.239500999450684,70.4049072265625,54.91045303344727,22.31208800126025,0,0.5906503538661293,0.5964634701624887
