x,y,duration,min_diam,max_diam,mean_diam,std_diam,cluster,x_centroid,y_centroid
0.4248188330581571,0.6838734866309695,24486,40.52434539794922,52.03360366821289,45.712145583434676,3.604863021898819,1,0.4258223051535439,0.7051302353939238
0.4664322596536499,0.6313029115842573,18480,41.336124420166016,52.71160125732422,46.10007821718852,4.12223790965283,0,0.4611556129336384,0.554945507510011
0.5149559529753902,0.5418016308105708,42427,37.92232131958008,52.46232604980469,45.91632651244231,4.931141936902601,0,0.4611556129336384,0.554945507510011
0.3601150953165958,0.4974113895683886,1155,49.50288391113281,50.93521881103516,50.47159245808919,0.4038141469847971,0,0.4611556129336384,0.554945507510011
0.5031191437889176,0.5492660980768276,1001,40.79281997680664,51.83697891235352,46.828244135929985,4.994887903632096,0,0.4611556129336384,0.554945507510011
0.42682577724893067,0.7263869841568782,4928,35.21295547485352,50.96649169921875,45.98947948217392,3.302615977304651,1,0.4258223051535439,0.7051302353939238
