x,y,duration,min_diam,max_diam,mean_diam,std_diam,cluster,x_centroid,y_centroid
0.5383864854737008,0.41101062036308333,616,43.65309524536133,44.14551162719727,43.866219997406006,0.14026410967009828,0,0.531424927814796,0.43362332565123257
0.5278204305362508,0.44846086386840567,847,41.53337860107422,43.28669357299805,42.787492925470524,0.45943392591494875,0,0.531424927814796,0.43362332565123257
0.5280678674344363,0.44139849272220866,616,42.58422088623047,43.18437194824219,42.85298442840576,0.19802579365691736,0,0.531424927814796,0.43362332565123257
0.5439907643249857,0.3617714137727271,1078,44.897945404052734,45.69276428222656,45.42226818629673,0.24871229396132552,1,0.5439907643249857,0.3617714137727271
