x,y,duration,min_diam,max_diam,mean_diam,std_diam,cluster,x_centroid,y_centroid
0.35210214451614363,0.6450904198868291,693,31.87712478637696,32.9207649230957,32.22065946790907,0.34255176648561125,0,0.41490557789696986,0.6389838732747289
0.4938129845840848,0.7141456064029567,1155,33.233848571777344,34.13553237915039,33.63414459228515,0.24123624411073863,0,0.41490557789696986,0.6389838732747289
0.3988016045906812,0.5577155935344009,616,33.49882507324219,35.2289924621582,34.538469314575195,0.5162131140267839,0,0.41490557789696986,0.6389838732747289
0.5680340235558565,0.41811945181692184,1309,34.831153869628906,36.953609466552734,35.91351206162397,0.6929609115922021,1,0.5680340235558565,0.41811945181692184
