x,y,duration,min_diam,max_diam,mean_diam,std_diam,cluster,x_centroid,y_centroid
0.02807634576924815,-0.2718423694805159,770,46.56311798095703,48.09860229492188,47.74828948974609,0.43882148792007486,1,0.028076345769248168,-0.2718423694805159
0.4942945941385999,0.7554278425172462,1925,35.122581481933594,37.27069854736328,36.568390655517575,0.5985050067862486,0,0.47183874099052947,0.7329688192275522
0.4536236101153656,0.7287134058191946,847,35.8458366394043,36.847076416015625,36.23296044089577,0.28705907196607794,0,0.47183874099052947,0.7329688192275522
0.46759801871762285,0.7147652093462159,616,37.17842864990234,38.56839370727539,37.734825134277344,0.4763414583054176,0,0.47183874099052947,0.7329688192275522
