x,y,duration,min_diam,max_diam,mean_diam,std_diam,cluster,x_centroid,y_centroid
0.46187930464868354,0.5121739618855551,1001,50.10797882080078,52.03297424316406,51.19305684016301,0.5778618346152173,1,0.4416975940136049,0.49458952709322257
0.4657469879691515,0.5045094228319421,847,48.01769256591797,49.950321197509766,49.02717208862305,0.7850352128778655,1,0.4416975940136049,0.49458952709322257
0.4061208134343336,0.6061292535220623,616,51.1305046081543,52.28570938110352,51.67768955230713,0.40686342577074164,0,0.4061208134343336,0.6061292535220623
0.45183230882436864,0.5173858690819239,847,52.54032897949219,53.29963684082031,52.91321355646307,0.22108876111237208,1,0.4416975940136049,0.49458952709322257
0.39787074324670535,0.4717603325647464,770,53.70245742797852,54.79195022583008,54.40310974121094,0.3007278692704381,1,0.4416975940136049,0.49458952709322257
0.43115862537911565,0.4671180491019453,616,54.18804550170898,54.61473846435547,54.42593002319336,0.1516436790399588,1,0.4416975940136049,0.49458952709322257
