x,y,duration,min_diam,max_diam,mean_diam,std_diam,cluster,x_centroid,y_centroid
0.5556479390959133,0.4237772660916465,770,55.43201446533203,56.74444961547852,56.23847770690918,0.4978065428092961,2,0.5419002899607983,0.4372655550387796
0.5281526408256835,0.45075384398591267,4466,49.708587646484375,55.04724884033203,52.97989240185968,1.7516589949132448,2,0.5419002899607983,0.4372655550387796
0.4765276889364811,0.6132400272165937,616,56.053958892822266,56.73823928833008,56.436484813690186,0.2360928724449023,0,0.48691505772742866,0.6725046627299529
0.4973024265183762,0.7317692982433122,616,55.6541748046875,56.20497131347656,55.92415761947632,0.25885755037976615,0,0.48691505772742866,0.6725046627299529
0.39251237726880106,0.8532418151286782,616,50.678470611572266,52.26686477661133,51.37606239318848,0.5025725224554218,1,0.38777225886803124,0.862121462563472
0.3886804777601059,0.8515540590354348,924,49.634403228759766,52.29532623291016,50.980451583862305,0.8630139800816243,1,0.38777225886803124,0.862121462563472
0.38397855490819516,0.8586430404693415,1078,50.9465217590332,53.019039154052734,51.93715967450823,0.620625690958693,1,0.38777225886803124,0.862121462563472
0.38364124513975295,0.8714937697350726,616,50.960548400878906,53.14535903930664,51.74239253997803,0.6729250843246084,1,0.38777225886803124,0.862121462563472
0.3900486392633012,0.8756746284488326,616,50.128562927246094,51.43245315551758,50.71580982208252,0.3978417108387653,1,0.38777225886803124,0.862121462563472
