x,y,duration,min_diam,max_diam,mean_diam,std_diam,cluster,x_centroid,y_centroid
0.4543430889481266,0.3861059595528455,1386,44.615013122558594,46.52498245239258,45.61395920647515,0.49152036916848363,0,0.4550778767952675,0.3466170983363065
0.45581266464240844,0.30712823711976756,616,45.26444625854492,47.39364242553711,46.295485973358154,0.6847159472244961,0,0.4550778767952675,0.3466170983363065
0.5988273085886147,0.616781412277991,1001,49.26961517333984,50.32324600219727,49.837015885573166,0.3334650831495312,1,0.6009606522666857,0.609357992177108
0.6030939959447567,0.6019345720762248,693,49.912052154541016,50.88425827026367,50.315714518229164,0.35424332614849074,1,0.6009606522666857,0.609357992177108
