x,y,duration,min_diam,max_diam,mean_diam,std_diam,cluster,x_centroid,y_centroid
0.43218836928451587,0.4929791471402407,847,43.49792098999024,44.08275985717773,43.787049380215734,0.1725146181921468,0,0.49719145231786366,0.43965287450390544
0.5327451969307129,0.4807669877897328,693,42.90451431274414,44.01103210449219,43.49529605441623,0.4052586240318071,0,0.49719145231786366,0.43965287450390544
0.5172006990132636,0.39619350682913773,1463,40.9531364440918,42.50459671020508,41.932410390753496,0.4400916108862997,0,0.49719145231786366,0.43965287450390544
0.5066315440429622,0.3886718562565106,693,41.29559326171875,42.7320442199707,42.18755594889323,0.4997611896564502,0,0.49719145231786366,0.43965287450390544
0.44753779238806823,0.5981470205275095,616,42.14736557006836,44.79055404663086,43.7754340171814,1.0291405691620372,1,0.45967733878822997,0.5782133058221476
0.4039858655764671,0.5199765842020796,1078,46.32011413574219,48.47321319580078,46.986861092703684,0.5244542911752298,1,0.45967733878822997,0.5782133058221476
0.5275083584001545,0.6165163127368536,847,46.44018173217773,47.38410949707031,47.066802284934305,0.28965089831140967,1,0.45967733878822997,0.5782133058221476
