x,y,duration,min_diam,max_diam,mean_diam,std_diam,cluster,x_centroid,y_centroid
0.38189043449529225,0.5624410353730447,693,49.733192443847656,51.041778564453125,50.42764451768663,0.514807674719849,2,0.3900168095811667,0.5488521097798366
0.46518567342318484,0.32275156129166255,616,50.61133193969727,51.28086853027344,50.85708141326904,0.2137249962055865,1,0.46518567342318484,0.32275156129166255
0.5189415163960542,0.5287583198581247,616,49.59267425537109,50.39329528808594,49.9422173500061,0.30371367412622363,0,0.5271691940724503,0.5334897480260292
0.5155032369449207,0.5803842638497104,693,50.03263473510742,51.0084114074707,50.6635750664605,0.35131867939141315,0,0.5271691940724503,0.5334897480260292
0.5106751299128016,0.547508050884159,770,49.86054229736328,50.38138198852539,50.160121536254884,0.19017834683980994,0,0.5271691940724503,0.5334897480260292
0.5454911645896108,0.4924519836956915,847,49.35527801513672,50.70615005493164,50.00873080166903,0.4664067820244756,0,0.5271691940724503,0.5334897480260292
0.39814318466704113,0.5352631841866284,693,48.22968673706055,49.810359954833984,49.15415996975369,0.55499246908375,2,0.3900168095811667,0.5488521097798366
0.5417234242682021,0.5231117729171846,616,49.674198150634766,50.903568267822266,50.255634784698486,0.3612566138871061,0,0.5271691940724503,0.5334897480260292
0.5306806923231128,0.5287240969513053,847,49.51630783081055,50.87603759765625,50.230952522971414,0.35167183246710504,0,0.5271691940724503,0.5334897480260292
