x,y,duration,min_diam,max_diam,mean_diam,std_diam,cluster,x_centroid,y_centroid
0.5453088619263637,0.40159518937857247,693,46.870384216308594,47.417110443115234,47.12551074557834,0.19992429354488828,0,0.49435865321392036,0.43491205060673355
0.48392689687314444,0.3742547721486516,1309,49.14806365966797,50.43934631347656,49.74834419699276,0.32685166784256453,0,0.49435865321392036,0.43491205060673355
0.47154271404429837,0.4725340085318268,770,48.78255462646485,49.38163375854492,49.12729339599609,0.19419051473089458,0,0.49435865321392036,0.43491205060673355
0.4575409153998707,0.5524250868846043,693,46.11285400390625,47.54383087158203,46.95233154296875,0.4405800010321952,1,0.41594964102238496,0.5408429491053084
0.37435836664489924,0.5292608113260124,924,49.65940475463867,50.63305282592773,50.198262532552086,0.3343160399814461,1,0.41594964102238496,0.5408429491053084
0.47665614001187495,0.4912642323678832,616,48.31315994262695,49.00335311889648,48.577598094940186,0.2348312662438363,0,0.49435865321392036,0.43491205060673355
