x,y,duration,min_diam,max_diam,mean_diam,std_diam,cluster,x_centroid,y_centroid
0.7534363891932101,0.25473227913911284,1078,48.93507766723633,49.88677597045898,49.503296443394255,0.28103552225140815,1,0.7589037088127857,0.25475254353291965
0.6036603754863543,0.47204869353004,770,49.30837631225586,49.70074081420898,49.51746940612793,0.12805195134593775,0,0.609346603688465,0.4752707089218674
0.6150328318905758,0.4784927243136949,693,49.36231231689453,49.981689453125,49.669392903645836,0.20334778591623032,0,0.609346603688465,0.4752707089218674
0.7641907274625928,0.2430523739029308,3080,48.70083236694336,50.31658554077149,49.68396263122558,0.35799997671458184,1,0.7589037088127857,0.25475254353291965
0.7590840097825541,0.26647297755671534,693,48.92451477050781,49.66402053833008,49.33068508572049,0.24761541121690328,1,0.7589037088127857,0.25475254353291965
