x,y,duration,min_diam,max_diam,mean_diam,std_diam,cluster,x_centroid,y_centroid
0.574773299730291,0.7595065120903433,616,30.650659561157227,33.67601013183594,31.604021310806274,1.059238776981737,0,0.44694186863212754,0.7160045988828163
0.19565416983518638,0.7196200610734939,1232,36.45741653442383,37.34252548217773,36.92268705368042,0.2636130838904202,0,0.44694186863212754,0.7160045988828163
0.5703981363309052,0.668887223484612,847,37.96461868286133,38.73675155639648,38.3646091114391,0.29367062210035133,0,0.44694186863212754,0.7160045988828163
0.41529175833774074,0.14884829456138557,847,40.59104537963867,42.0462760925293,41.34369451349432,0.4429333740538688,1,0.4555745890112847,0.12010458140445518
0.4958574196848287,0.09136086824752478,616,42.11690902709961,43.19822692871094,42.497207164764404,0.37363556999292136,1,0.4555745890112847,0.12010458140445518
