x,y,duration,min_diam,max_diam,mean_diam,std_diam,cluster,x_centroid,y_centroid
0.5910990789838172,0.5304470749736229,924,35.9984130859375,37.285186767578125,36.69198099772135,0.45759078819292454,1,0.5910990789838172,0.5304470749736229
0.3599310606573958,0.5701666230693042,616,36.897216796875,38.55910110473633,37.592591285705566,0.475379904428177,0,0.38439702823516586,0.6318377090249742
0.38950467186833637,0.6606359583522114,616,35.08322525024414,36.56144332885742,36.075560092926025,0.5156748721251629,0,0.38439702823516586,0.6318377090249742
0.4037553521797655,0.6647105456534067,847,35.867244720458984,38.41633605957031,36.91699080033736,0.7240505650993615,0,0.38439702823516586,0.6318377090249742
