x,y,duration,min_diam,max_diam,mean_diam,std_diam,cluster,x_centroid,y_centroid
0.3698217480110375,0.74575093369458,693,29.71590805053711,31.046674728393555,30.397011439005535,0.38217554153209465,0,0.3654883404279706,0.6849462267314748
0.3611549328449038,0.6241415197683694,693,31.64286994934082,33.41709518432617,32.56568951076932,0.5729587315700942,0,0.3654883404279706,0.6849462267314748
0.5231338658926887,0.2851188218450054,770,33.42279052734375,34.706146240234375,34.260494995117185,0.4318459363177096,1,0.5386691234749911,0.1901688286402699
0.47675615787091824,0.1663839376095158,770,33.57330703735352,34.842411041259766,34.456582641601564,0.3829584341016377,1,0.5386691234749911,0.1901688286402699
0.6161173466613662,0.11900372646628841,616,33.40438461303711,34.047664642333984,33.79819869995117,0.22670996235818486,1,0.5386691234749911,0.1901688286402699
