x,y,duration,min_diam,max_diam,mean_diam,std_diam,cluster,x_centroid,y_centroid
0.5371008194949844,0.4890682432695596,616,32.658565521240234,34.06593322753906,33.15682315826416,0.442050696238404,0,0.4563177636621476,0.5335567183024409
0.411531917176231,0.5124846131405799,693,33.09761428833008,35.75943374633789,34.29053031073676,0.997764865523182,0,0.4563177636621476,0.5335567183024409
0.4794324238921451,0.5801017631714694,924,31.237977981567383,32.626461029052734,31.83683729171753,0.417308360150218,0,0.4563177636621476,0.5335567183024409
0.6511414760002443,-0.4015555319695811,770,37.34926986694336,38.96470260620117,38.15556259155274,0.5373875521806889,1,0.6511414760002443,-0.40155553196958105
0.3972058940852299,0.5525722536281545,616,34.714786529541016,35.221656799316406,35.04107141494751,0.18412711964511919,0,0.4563177636621476,0.5335567183024409
