x,y,duration,min_diam,max_diam,mean_diam,std_diam,cluster,x_centroid,y_centroid
0.44996273886645305,0.5181399087675043,1001,39.80835723876953,40.79703140258789,40.40489754310021,0.2766585925194752,1,0.45608578177241316,0.5117759564010459
0.45090311361420166,0.5194407761580538,693,39.97894287109375,41.13868713378906,40.31792661878798,0.35914946411276494,1,0.45608578177241316,0.5117759564010459
0.4673914928365847,0.4977471842775796,924,39.95947647094727,40.46772003173828,40.17048454284668,0.15529887471884188,1,0.45608578177241316,0.5117759564010459
0.45393789418387254,0.6758159693542625,770,36.27104949951172,37.99770736694336,37.458016586303714,0.5900860715010683,0,0.44179564502866686,0.6452189258987482
0.4333612519180202,0.6489685449000151,616,37.49742889404297,38.76532745361328,38.11937618255615,0.4567358479684625,0,0.44179564502866686,0.6452189258987482
0.445332834865582,0.6298276320773946,693,39.43031311035156,40.28495788574219,39.790411631266274,0.27733539941308855,0,0.44179564502866686,0.6452189258987482
0.4213981108399792,0.625553429149629,616,40.29599380493164,41.50020599365234,40.9216365814209,0.4190892446088576,0,0.44179564502866686,0.6452189258987482
0.46173021143405457,0.6458694548671098,770,40.68989944458008,41.26288604736328,40.95724945068359,0.18029251013776743,0,0.44179564502866686,0.6452189258987482
0.43501356693049276,0.6452785250440782,616,39.19910430908203,39.73929977416992,39.515209674835205,0.1745094775575743,0,0.44179564502866686,0.6452189258987482
