x,y,duration,min_diam,max_diam,mean_diam,std_diam,cluster,x_centroid,y_centroid
0.3407232347192035,0.5438507882771655,616,55.4917221069336,57.986122131347656,57.146944522857666,0.9671625587218257,0,0.4261421760769417,0.4277463666499453
0.31431635724953083,0.5304848911312943,1232,58.19425582885742,58.694278717041016,58.4788453578949,0.16822846973281289,0,0.4261421760769417,0.4277463666499453
0.30520494923454616,0.4049800393342342,1617,58.90758895874024,59.773136138916016,59.42808896019345,0.2260477077416804,0,0.4261421760769417,0.4277463666499453
0.4779639127505514,0.4698923473163627,1309,55.07588958740234,59.38069534301758,56.281765432918775,1.019077389706337,0,0.4261421760769417,0.4277463666499453
0.5021580529808407,0.3687915068858209,924,54.87686538696289,60.73736953735352,58.66621621449789,2.060625407034555,0,0.4261421760769417,0.4277463666499453
0.5359006370811134,0.3386832956914611,1001,54.75792694091797,61.44292831420898,57.500872978797325,2.559061200398514,0,0.4261421760769417,0.4277463666499453
0.5067280885228062,0.3375416979132783,847,56.13650894165039,60.567501068115234,58.209774710915305,2.0443922780184045,0,0.4261421760769417,0.4277463666499453
0.5122009114522977,0.7373929876180201,693,56.50674819946289,58.03873825073242,57.23808924357096,0.5156186702837138,1,0.5122009114522977,0.7373929876180201
