x,y,duration,min_diam,max_diam,mean_diam,std_diam,cluster,x_centroid,y_centroid
-0.7968699693422461,1.5628631135429565,693,26.29167366027832,26.95174789428711,26.544048309326172,0.21579095736104692,0,-0.8052797937688551,1.5628628675767704
-0.8043503222760913,1.5656988801907565,616,25.65994071960449,26.755653381347656,26.18129253387451,0.39066593791311743,0,-0.8052797937688551,1.5628628675767704
-0.7929183959339952,1.5631108522117312,616,25.533660888671875,26.73685836791992,26.03468084335327,0.36723937864383216,0,-0.8052797937688551,1.5628628675767704
-0.8089727653991607,1.5614057474297454,924,25.51055335998535,27.12615966796875,26.434024333953857,0.48884998864109935,0,-0.8052797937688551,1.5628628675767704
-0.8206596690277923,1.6060736228910228,616,24.608678817749023,25.66900634765625,25.124433517456055,0.41384806793483075,1,-0.8193649180853166,1.6056034671058872
-0.8180701671428411,1.6051333113207518,693,24.488948822021484,26.405012130737305,25.657920201619465,0.6063282363899574,1,-0.8193649180853166,1.6056034671058872
-0.8232875158927818,1.561235744508662,924,26.31031608581543,27.54714584350586,27.175824006398518,0.35651981738028987,0,-0.8052797937688551,1.5628628675767704
