x,y,duration,min_diam,max_diam,mean_diam,std_diam,cluster,x_centroid,y_centroid
-0.9179591214815306,1.656223794285615,2310,22.4083194732666,24.047527313232425,23.230804189046225,0.42213271262958935,1,-0.9579102342568759,1.6220658311623224
-0.924162637045314,1.663859430592828,847,22.439382553100582,24.69994163513184,23.50882252779874,0.669255825690038,1,-0.9579102342568759,1.6220658311623224
-0.8224393514868227,1.5496022169794283,770,20.923978805541992,22.232162475585938,21.861355781555176,0.39792865179252596,0,-0.8224393514868227,1.5496022169794283
-1.0360206910995533,1.6492854400778145,770,22.2175235748291,23.51980209350586,22.93366184234619,0.4814420016417331,1,-0.9579102342568759,1.6220658311623224
-0.9817873347719326,1.5929845624911476,616,22.13943099975586,23.418289184570312,22.644848108291626,0.42110818726622085,1,-0.9579102342568759,1.6220658311623224
-0.9304165773033912,1.525969455607923,1001,21.50956153869629,23.311670303344727,22.359995915339542,0.5721639516830007,1,-0.9579102342568759,1.6220658311623224
-0.9897145316236952,1.6157202416704912,847,22.448486328125,24.977371215820312,23.64004031094638,0.6839631023553578,1,-0.9579102342568759,1.6220658311623224
-0.9253107464727148,1.6504178934104365,693,22.90842056274414,24.556575775146484,23.814641104804146,0.5575176864799223,1,-0.9579102342568759,1.6220658311623224
