x,y,duration,min_diam,max_diam,mean_diam,std_diam,cluster,x_centroid,y_centroid
-0.7879548890905613,1.5981183561273435,770,27.347700119018555,28.932537078857425,28.13731861114502,0.4359637835528284,1,-0.7879548890905613,1.5981183561273435
-0.9260296151099435,1.6714097257434715,616,25.35050201416016,26.819536209106445,26.162477493286133,0.510844823862678,0,-0.9347528988812112,1.6692533470414022
-0.9683321230430947,1.6778085007089567,693,25.10732650756836,26.385150909423828,25.497180938720703,0.4355263824727784,0,-0.9347528988812112,1.6692533470414022
-0.9018737795645655,1.6618095362030703,616,25.74711036682129,27.485759735107425,26.33070182800293,0.5324486104610103,0,-0.9347528988812112,1.6692533470414022
-0.9427760778072408,1.6659856255101102,693,24.597278594970703,25.984657287597656,25.257333543565537,0.5021589205181348,0,-0.9347528988812112,1.6692533470414022
