x,y,duration,min_diam,max_diam,mean_diam,std_diam,cluster,x_centroid,y_centroid
0.3824810451338281,0.27685452551474526,924,51.17213439941406,52.399410247802734,51.59601338704427,0.38052239707975627,0,0.4052086407783596,0.39069221175383456
0.41655412556622,0.5170050625665353,1463,51.382511138916016,54.05146789550781,52.675901914897715,0.8815619693206985,0,0.4052086407783596,0.39069221175383456
0.4165907516350306,0.37821704718022303,616,51.7734603881836,52.44968032836914,52.04200983047485,0.22857753981531934,0,0.4052086407783596,0.39069221175383456
0.6935650801577212,0.4872680792963389,693,52.96892547607422,54.09049987792969,53.515394846598305,0.31986162530202494,1,0.6725433756183096,0.49532539243999296
0.6515216710788979,0.5033827055836471,616,53.33649063110352,54.23550033569336,53.65736389160156,0.2923590555633034,1,0.6725433756183096,0.49532539243999296
