x,y,duration,min_diam,max_diam,mean_diam,std_diam,cluster,x_centroid,y_centroid
0.5617090121804703,0.4172816958610448,770,64.41751098632812,66.60089874267578,65.82033843994141,0.6111750133292877,0,0.4909391263684794,0.4564644316883888
0.3753577063026346,0.5233649605720118,693,62.84165191650391,64.47721099853516,64.02398935953777,0.5065991841633588,1,0.33190738002187004,0.5510637812582417
0.4284408037636807,0.4904865043791411,693,62.39802169799805,65.56962585449219,64.72242270575629,0.9753209062374129,0,0.4909391263684794,0.4564644316883888
0.5303412021728887,0.4652975117141511,770,64.2887191772461,65.48721313476562,64.92914199829102,0.3882117829535664,0,0.4909391263684794,0.4564644316883888
0.44326548735687793,0.4527920147992182,847,62.86908721923828,64.26122283935547,63.66809498180043,0.35702174634271594,0,0.4909391263684794,0.4564644316883888
0.28845705374110553,0.5787626019444718,847,62.021785736083984,63.37149429321289,62.60803985595703,0.4053783501492175,1,0.33190738002187004,0.5510637812582417
