x,y,duration,min_diam,max_diam,mean_diam,std_diam,cluster,x_centroid,y_centroid
0.44206265744990925,0.4660208965067262,693,36.202335357666016,50.98289489746094,44.33025868733724,7.401058934911887,0,0.458822395771661,0.5087161687169073
0.4683754121055719,0.5791322614083176,770,32.449092864990234,49.45843124389648,41.5434684753418,7.771287406744905,0,0.458822395771661,0.5087161687169073
0.4566559744433283,0.39455171556642143,847,35.82048416137695,48.90248107910156,44.022811542857774,6.022806209470834,0,0.458822395771661,0.5087161687169073
0.4681955390878347,0.5951598013861641,616,36.13593292236328,50.91404724121094,46.78819704055786,6.575093605461457,0,0.458822395771661,0.5087161687169073
0.5881600187687401,0.13263111638921887,616,40.39418411254883,41.73154067993164,41.10739994049072,0.5132937593196965,1,0.5881600187687401,0.13263111638921887
