x,y,duration,min_diam,max_diam,mean_diam,std_diam,cluster,x_centroid,y_centroid
0.20420165323480038,0.828198114762021,1309,45.74180221557617,48.18818664550781,46.789981842041016,0.6133983135582478,0,0.2116051116569565,0.8238648608656604
0.3606370951548835,0.7056230821118515,616,47.86991500854492,48.299461364746094,48.10457372665405,0.17898026576713857,2,0.3381350408318693,0.7262819699551668
0.20745323240557736,0.8237341598068095,1078,49.27603149414063,50.49399185180664,49.87795502798898,0.3211239183780462,0,0.2116051116569565,0.8238648608656604
0.2088046934867698,0.8942254312174039,847,50.174747467041016,52.15437698364258,51.25983983820135,0.5009523779659142,0,0.2116051116569565,0.8238648608656604
0.2755210120144738,0.5489157133072621,847,46.40103912353516,46.87700653076172,46.60828538374467,0.15482068629220477,1,0.3437170578115709,0.5478473341736627
0.2265496254492624,0.7835658715320551,1694,46.45552062988281,48.34751892089844,47.643091375177555,0.4650015325588272,0,0.2116051116569565,0.8238648608656604
0.21101635370837257,0.7896007270100122,847,45.74712753295898,46.81216049194336,46.11192252419212,0.3655267767156627,0,0.2116051116569565,0.8238648608656604
0.315632986508855,0.746940857798482,693,47.93883514404297,49.64502334594727,48.90361404418945,0.6446905458090063,2,0.3381350408318693,0.7262819699551668
0.41191310360866806,0.5467789550400632,1232,48.10218048095703,49.622833251953125,49.283217668533325,0.38199185634154065,1,0.3437170578115709,0.5478473341736627
