x,y,duration,min_diam,max_diam,mean_diam,std_diam,cluster,x_centroid,y_centroid
0.5078224057081483,0.5347122931092648,924,41.51336669921875,42.0971794128418,41.76819292704264,0.19821958741521992,0,0.5054031304298234,0.5232157597844815
0.4951177457448157,0.5178800891696909,693,40.45493698120117,41.19209289550781,40.84345965915256,0.1977532393248185,0,0.5054031304298234,0.5232157597844815
0.5132692398365063,0.5170548970744888,693,38.75337600708008,40.37274932861328,39.276666005452476,0.5459289694053623,0,0.5054031304298234,0.5232157597844815
0.15786037816459783,0.8786363506458652,770,44.66470718383789,46.30827331542969,45.66746864318848,0.46659798847862993,1,0.16801298972754675,0.8651470605671538
0.15766262890168514,0.8702380260224858,616,45.75483703613281,46.73460388183594,46.33400011062622,0.34289215167801007,1,0.16801298972754675,0.8651470605671538
0.18851596211635716,0.8465668050331104,1001,45.67900466918945,47.216346740722656,46.533516517052284,0.4806383275945114,1,0.16801298972754675,0.8651470605671538
