x,y,duration,min_diam,max_diam,mean_diam,std_diam,cluster,x_centroid,y_centroid
0.21287539849979178,0.9416304936673359,616,36.91057586669922,38.31704711914063,37.648722648620605,0.4370239719362653,1,0.2035066321603679,0.9068195606457268
0.5552020935673148,0.5837821646668633,1001,44.48299026489258,46.08853530883789,45.0545155451848,0.5499186335698594,0,0.43683741017576205,0.5617755647923414
0.194137865820944,0.8720086276241177,616,47.328609466552734,48.25581359863281,47.95097827911377,0.3089563620215952,1,0.2035066321603679,0.9068195606457268
0.31847272678420935,0.5397689649178194,693,43.15421295166016,43.9208869934082,43.487787034776474,0.3096773197986329,0,0.43683741017576205,0.5617755647923414
