x,y,duration,min_diam,max_diam,mean_diam,std_diam,cluster,x_centroid,y_centroid
0.2610620075317567,0.7832949061776032,1386,47.59584426879883,49.08971786499024,48.318480809529625,0.49565327441150686,0,0.2442304666536044,0.7622856674204441
0.27185119865448654,0.7378140873891444,693,47.16008377075195,48.747215270996094,47.90593253241645,0.5223568086845869,0,0.2442304666536044,0.7622856674204441
0.08283994262004163,0.7232293754959946,1617,44.334739685058594,45.73276519775391,45.199030194963726,0.36001797686943077,1,0.08283994262004163,0.7232293754959946
0.19977819377457,0.7657480086945846,693,50.17436981201172,50.92648696899414,50.60431374443902,0.28260659621329126,0,0.2442304666536044,0.7622856674204441
