x,y,duration,min_diam,max_diam,mean_diam,std_diam,cluster,x_centroid,y_centroid
0.28057809997232525,0.691269025882849,693,45.11885833740234,46.83113861083984,45.92478222317166,0.46634162664220485,0,0.24560485756419553,0.7988554546070021
0.2609551349792377,0.8409808551643934,770,43.5714225769043,45.57756423950195,44.91791191101074,0.7084642577837451,0,0.24560485756419553,0.7988554546070021
0.20996202233779498,0.8088423868903185,616,47.80663299560547,48.32056427001953,48.07274293899536,0.18701990384305597,0,0.24560485756419553,0.7988554546070021
0.48160261999582543,0.5118034606039207,924,44.137168884277344,45.956790924072266,44.60920556386312,0.4681272926687686,1,0.47874279275474096,0.5657425086938777
0.47588296551365655,0.6196815567838347,693,52.01055908203125,52.92789077758789,52.53776168823242,0.3218480200815989,1,0.47874279275474096,0.5657425086938777
0.23092417296742412,0.8543295504904475,847,47.68064880371094,49.068016052246094,48.35684030706232,0.3669137560252463,0,0.24560485756419553,0.7988554546070021
