x,y,duration,min_diam,max_diam,mean_diam,std_diam,cluster,x_centroid,y_centroid
0.5512705587529239,0.7669887850190681,616,23.861495971679688,24.45011138916016,24.150248289108276,0.20848367881852015,1,0.5114545987821754,0.6879558766121836
0.47151357701421925,0.6956665887179485,693,23.248926162719727,24.81904602050781,23.960041046142578,0.5991321509562594,1,0.5114545987821754,0.6879558766121836
0.5229664657687,0.6030212897164046,770,26.95398712158203,27.88262939453125,27.41972484588623,0.29189167572848246,0,0.5229664657687,0.6030212897164046
0.4887433442854352,0.6432011751177785,847,27.02496337890625,28.068737030029297,27.66079191728072,0.30788957555368873,1,0.5114545987821754,0.6879558766121836
0.5318073965405508,0.6727350992378922,770,26.85293769836425,27.45000457763672,27.20245246887207,0.18478459396773622,1,0.5114545987821754,0.6879558766121836
0.5096590865249028,0.6902518428252502,847,27.10030746459961,28.13753318786621,27.673662359064277,0.34259054724765214,1,0.5114545987821754,0.6879558766121836
0.535897243928548,0.6669976585167843,770,28.03650665283203,29.039031982421875,28.567095947265624,0.2788426428745493,1,0.5114545987821754,0.6879558766121836
0.49129098442864766,0.6798499868505634,693,25.39314651489257,26.16521453857422,25.79320738050673,0.2835087864984511,1,0.5114545987821754,0.6879558766121836
