x,y,duration,min_diam,max_diam,mean_diam,std_diam,cluster,x_centroid,y_centroid
0.596423403375621,0.15211126862515897,847,49.41877365112305,50.42441177368164,50.120480970902875,0.31101000539607526,0,0.5062175646166984,0.1261049985793435
0.5087577499246922,0.10099211287072882,770,46.52832412719727,47.72532653808594,47.25686149597168,0.38581639439069715,0,0.5062175646166984,0.1261049985793435
0.3583064715318931,0.3444659734383876,693,43.5268783569336,45.634464263916016,44.68103239271376,0.7216473145207162,1,0.3761047958878651,0.3721016816972662
0.4134715405497819,0.12521161424214272,616,44.5675163269043,45.824317932128906,45.07176971435547,0.39641929713761326,0,0.5062175646166984,0.1261049985793435
0.3099842872459126,0.3298626968192703,616,43.77291870117188,44.6461296081543,44.20380115509033,0.32270404238334666,1,0.3761047958878651,0.3721016816972662
0.39164412211360566,0.5451275166524752,616,46.31904602050781,47.37976837158203,46.81015634536743,0.38164628359882924,1,0.3761047958878651,0.3721016816972662
0.42241688708145114,0.335394044559676,616,44.02204132080078,47.014041900634766,45.332324504852295,0.9987067845553652,1,0.3761047958878651,0.3721016816972662
0.4030410873664193,0.2928864317016368,616,47.38614273071289,50.137691497802734,48.3615198135376,0.8985026464768062,1,0.3761047958878651,0.3721016816972662
0.37123591998790895,0.38487342701215155,693,41.05607986450195,47.66657638549805,46.48574744330512,2.2414173794483854,1,0.3761047958878651,0.3721016816972662
