x,y,duration,min_diam,max_diam,mean_diam,std_diam,cluster,x_centroid,y_centroid
0.2564085364473332,0.8764705176159688,693,25.369279861450195,29.50876808166504,26.828306833902996,1.2482762301815509,1,0.3412600258704658,0.870848875599706
0.37055967969554887,0.8482823978579753,924,26.712785720825195,28.7915096282959,27.83021306991577,0.619547941832918,1,0.3412600258704658,0.870848875599706
0.49490296159537195,0.6930229285303215,924,26.08295440673828,28.00289726257324,26.738508701324463,0.6054959689717906,0,0.4659990005389296,0.7201497537321975
0.4888979747716443,0.743613551299275,616,25.449726104736328,26.504056930541992,25.95033836364746,0.3081610033146203,0,0.4659990005389296,0.7201497537321975
0.3536046058888437,0.9017989037777798,616,26.77635383605957,29.22866439819336,28.27870202064514,0.7311331134998819,1,0.3412600258704658,0.870848875599706
0.3672402569571034,0.8810203197615906,847,26.369224548339844,28.27754592895508,27.844744422219016,0.5541084813431912,1,0.3412600258704658,0.870848875599706
0.47005555670763,0.7875014668065768,770,27.180803298950195,28.529972076416016,27.801872634887694,0.4528373461632915,0,0.4659990005389296,0.7201497537321975
0.41013950908107216,0.6564610682926165,770,28.561006546020508,29.64993667602539,29.086878395080568,0.354261355734273,0,0.4659990005389296,0.7201497537321975
0.3584870503634998,0.8466722389852157,616,28.184476852416992,30.69334983825684,29.35036540031433,0.8643367968469723,1,0.3412600258704658,0.870848875599706
