x,y,duration,min_diam,max_diam,mean_diam,std_diam,cluster,x_centroid,y_centroid
0.37585373538990524,0.8669952910217773,616,24.96657943725586,27.98586654663086,26.174670696258545,1.041361894844709,0,0.293029675299774,0.7545906106903507
0.3679365617926008,0.8774679251625618,616,24.849550247192383,25.828662872314453,25.290541887283325,0.36741944392317555,0,0.293029675299774,0.7545906106903507
0.2159486102956727,0.6981466442935487,616,26.007658004760746,27.058921813964844,26.67490530014038,0.3191550536643977,0,0.293029675299774,0.7545906106903507
0.2522044699656509,0.6615263858562234,847,25.45122337341309,27.368349075317383,26.631181716918945,0.46878383044852856,0,0.293029675299774,0.7545906106903507
0.2532049990550401,0.6688168071176425,616,26.09027862548828,27.55110549926757,26.709147453308105,0.5295049885746607,0,0.293029675299774,0.7545906106903507
0.5468674424832073,0.6102126364091716,616,28.0517578125,28.482566833496094,28.23674488067627,0.14400205838340888,1,0.5468674424832073,0.6102126364091716
