x,y,duration,min_diam,max_diam,mean_diam,std_diam,cluster,x_centroid,y_centroid
0.5932137488879505,0.5739914173955805,693,23.644908905029297,24.538110733032227,24.075531429714626,0.3105992536845964,1,0.5963274100090484,0.572762809527976
0.4974993503899393,0.6012252870232682,616,24.48594665527344,25.54105758666992,24.858811140060425,0.3812853614515725,1,0.5963274100090484,0.572762809527976
0.6049820219823465,0.5155556707305403,693,24.313907623291016,25.77299118041992,25.13683403862847,0.4231893784330828,0,0.6049820219823465,0.5155556707305403
0.6219734822729639,0.5749544655285254,616,25.46029090881348,26.66186714172364,25.975534200668335,0.46071983727071736,1,0.5963274100090484,0.572762809527976
0.6492166138598701,0.5760897883098866,693,24.23845291137696,26.42343711853028,25.59423764546712,0.608606994693617,1,0.5963274100090484,0.572762809527976
0.6520945070727837,0.5757594249296171,616,23.470378875732425,25.87939643859864,25.04353356361389,0.8777366054757575,1,0.5963274100090484,0.572762809527976
0.5794878524066835,0.560350343437149,770,25.86251640319824,27.86480712890625,26.50316753387451,0.5758219241788554,1,0.5963274100090484,0.572762809527976
0.5808063151731482,0.5469689400718055,1617,26.29730987548828,27.37590980529785,26.90583492460705,0.28539841539689487,1,0.5963274100090484,0.572762809527976
