x,y,duration,min_diam,max_diam,mean_diam,std_diam,cluster,x_centroid,y_centroid
0.5460775861957847,0.6334948491957715,7007,30.832612991333008,34.25067138671875,32.37562955080808,0.5030528370846454,0,0.58163912797428,0.6184137550947609
0.5741156353142343,0.5774353802796426,770,31.81682205200196,33.766693115234375,32.670710754394534,0.6653881391924947,0,0.58163912797428,0.6184137550947609
0.5888579172939749,0.6250890477003997,6622,30.48355865478516,34.25188064575195,32.51348417858745,0.8629557755156094,0,0.58163912797428,0.6184137550947609
0.5861240821096118,0.6343243836180585,616,30.166513442993164,34.40223693847656,33.09453821182251,1.4458094559251342,0,0.58163912797428,0.6184137550947609
0.5849221679729887,0.6663284160892303,1155,31.11422348022461,35.664241790771484,33.25300941467285,1.210846268435682,1,0.6046324439362766,0.6937827810600765
0.6130204189577941,0.6217251146799325,770,32.30237579345703,35.56040954589844,34.0104476928711,1.207456910647121,0,0.58163912797428,0.6184137550947609
0.6170970550477949,0.7254821404331225,693,30.94813346862793,33.385494232177734,32.286090003119575,0.9744169497367701,1,0.6046324439362766,0.6937827810600765
0.6118781087880463,0.6895377866578767,1386,26.75398635864257,34.673038482666016,31.831151220533584,1.5081466472340275,1,0.6046324439362766,0.6937827810600765
